text,id,created,is_retweet,favorites,retweets
"b'RT @TheUndefeated: ""Let\'s normalize working mothers and all that they have to do to make it happen."" \xf0\x9f\x97\xa3\xef\xb8\x8f\xf0\x9f\x97\xa3\xef\xb8\x8f\xf0\x9f\x97\xa3\xef\xb8\x8f \n\n@sportsiren\'s report on Arizo\xe2\x80\xa6'",1379145250741051394,2021-04-05 18:53:45,True,0,304
"b'RT @TheUndefeated: ""Let\'s normalize working mothers and all that they have to do to make it happen."" \xf0\x9f\x97\xa3\xef\xb8\x8f\xf0\x9f\x97\xa3\xef\xb8\x8f\xf0\x9f\x97\xa3\xef\xb8\x8f \n\n@sportsiren\'s report on Arizo\xe2\x80\xa6'",1379144196909584387,2021-04-05 18:49:34,True,0,304
"b'RT @TheUndefeated: ""Let\'s normalize working mothers and all that they have to do to make it happen."" \xf0\x9f\x97\xa3\xef\xb8\x8f\xf0\x9f\x97\xa3\xef\xb8\x8f\xf0\x9f\x97\xa3\xef\xb8\x8f \n\n@sportsiren\'s report on Arizo\xe2\x80\xa6'",1379144082778419200,2021-04-05 18:49:07,True,0,304
"b'RT @TheUndefeated: ""Let\'s normalize working mothers and all that they have to do to make it happen."" \xf0\x9f\x97\xa3\xef\xb8\x8f\xf0\x9f\x97\xa3\xef\xb8\x8f\xf0\x9f\x97\xa3\xef\xb8\x8f \n\n@sportsiren\'s report on Arizo\xe2\x80\xa6'",1379142847316774925,2021-04-05 18:44:12,True,0,304
"b'RT @OnHerTurf: Last night, Holly Rowe highlighted that Arizona head coach Adia Barnes was delayed coming out of the locker room after halft\xe2\x80\xa6'",1379140251793375233,2021-04-05 18:33:53,True,0,27
"b'RT @TheUndefeated: ""Let\'s normalize working mothers and all that they have to do to make it happen."" \xf0\x9f\x97\xa3\xef\xb8\x8f\xf0\x9f\x97\xa3\xef\xb8\x8f\xf0\x9f\x97\xa3\xef\xb8\x8f \n\n@sportsiren\'s report on Arizo\xe2\x80\xa6'",1379140013514973185,2021-04-05 18:32:57,True,0,304
"b'RT @TheUndefeated: ""Let\'s normalize working mothers and all that they have to do to make it happen."" \xf0\x9f\x97\xa3\xef\xb8\x8f\xf0\x9f\x97\xa3\xef\xb8\x8f\xf0\x9f\x97\xa3\xef\xb8\x8f \n\n@sportsiren\'s report on Arizo\xe2\x80\xa6'",1379139913241788422,2021-04-05 18:32:33,True,0,304
"b'RT @TheUndefeated: ""Let\'s normalize working mothers and all that they have to do to make it happen."" \xf0\x9f\x97\xa3\xef\xb8\x8f\xf0\x9f\x97\xa3\xef\xb8\x8f\xf0\x9f\x97\xa3\xef\xb8\x8f \n\n@sportsiren\'s report on Arizo\xe2\x80\xa6'",1379139795658637314,2021-04-05 18:32:05,True,0,304
"b'RT @OnHerTurf: Last night, Holly Rowe highlighted that Arizona head coach Adia Barnes was delayed coming out of the locker room after halft\xe2\x80\xa6'",1379139015782199299,2021-04-05 18:28:59,True,0,27
"b'RT @TheUndefeated: ""Let\'s normalize working mothers and all that they have to do to make it happen."" \xf0\x9f\x97\xa3\xef\xb8\x8f\xf0\x9f\x97\xa3\xef\xb8\x8f\xf0\x9f\x97\xa3\xef\xb8\x8f \n\n@sportsiren\'s report on Arizo\xe2\x80\xa6'",1379135888769224705,2021-04-05 18:16:33,True,0,304
"b'RT @TheUndefeated: ""Let\'s normalize working mothers and all that they have to do to make it happen."" \xf0\x9f\x97\xa3\xef\xb8\x8f\xf0\x9f\x97\xa3\xef\xb8\x8f\xf0\x9f\x97\xa3\xef\xb8\x8f \n\n@sportsiren\'s report on Arizo\xe2\x80\xa6'",1379135160445190146,2021-04-05 18:13:39,True,0,304
"b'RT @OnHerTurf: Last night, Holly Rowe highlighted that Arizona head coach Adia Barnes was delayed coming out of the locker room after halft\xe2\x80\xa6'",1379135031151591427,2021-04-05 18:13:09,True,0,27
"b'RT @OnHerTurf: Last night, Holly Rowe highlighted that Arizona head coach Adia Barnes was delayed coming out of the locker room after halft\xe2\x80\xa6'",1379134953372450817,2021-04-05 18:12:50,True,0,27
"b'RT @TheUndefeated: ""Let\'s normalize working mothers and all that they have to do to make it happen."" \xf0\x9f\x97\xa3\xef\xb8\x8f\xf0\x9f\x97\xa3\xef\xb8\x8f\xf0\x9f\x97\xa3\xef\xb8\x8f \n\n@sportsiren\'s report on Arizo\xe2\x80\xa6'",1379134648496713730,2021-04-05 18:11:37,True,0,304
"b'RT @TheUndefeated: ""Let\'s normalize working mothers and all that they have to do to make it happen."" \xf0\x9f\x97\xa3\xef\xb8\x8f\xf0\x9f\x97\xa3\xef\xb8\x8f\xf0\x9f\x97\xa3\xef\xb8\x8f \n\n@sportsiren\'s report on Arizo\xe2\x80\xa6'",1379134181599494147,2021-04-05 18:09:46,True,0,304
"b'RT @TheUndefeated: ""Let\'s normalize working mothers and all that they have to do to make it happen."" \xf0\x9f\x97\xa3\xef\xb8\x8f\xf0\x9f\x97\xa3\xef\xb8\x8f\xf0\x9f\x97\xa3\xef\xb8\x8f \n\n@sportsiren\'s report on Arizo\xe2\x80\xa6'",1379132994577780736,2021-04-05 18:05:03,True,0,304
"b'RT @TheUndefeated: ""Let\'s normalize working mothers and all that they have to do to make it happen."" \xf0\x9f\x97\xa3\xef\xb8\x8f\xf0\x9f\x97\xa3\xef\xb8\x8f\xf0\x9f\x97\xa3\xef\xb8\x8f \n\n@sportsiren\'s report on Arizo\xe2\x80\xa6'",1379128264111894530,2021-04-05 17:46:15,True,0,304
"b'RT @TheUndefeated: ""Let\'s normalize working mothers and all that they have to do to make it happen."" \xf0\x9f\x97\xa3\xef\xb8\x8f\xf0\x9f\x97\xa3\xef\xb8\x8f\xf0\x9f\x97\xa3\xef\xb8\x8f \n\n@sportsiren\'s report on Arizo\xe2\x80\xa6'",1379125253599862795,2021-04-05 17:34:18,True,0,304
"b'RT @TheUndefeated: ""Let\'s normalize working mothers and all that they have to do to make it happen."" \xf0\x9f\x97\xa3\xef\xb8\x8f\xf0\x9f\x97\xa3\xef\xb8\x8f\xf0\x9f\x97\xa3\xef\xb8\x8f \n\n@sportsiren\'s report on Arizo\xe2\x80\xa6'",1379125176651018240,2021-04-05 17:33:59,True,0,304
"b'RT @RachelRCarlson: It\xe2\x80\x99s Stanford women for the win!\xc2\xa0\xc2\xa0But props are owed to Arizona coach &amp; new mom Adia Barnes.\xc2\xa0\xc2\xa0\n\nAs the announcer said,\xe2\x80\xa6'",1379124293133549568,2021-04-05 17:30:29,True,0,3
"b'RT @TheUndefeated: ""Let\'s normalize working mothers and all that they have to do to make it happen."" \xf0\x9f\x97\xa3\xef\xb8\x8f\xf0\x9f\x97\xa3\xef\xb8\x8f\xf0\x9f\x97\xa3\xef\xb8\x8f \n\n@sportsiren\'s report on Arizo\xe2\x80\xa6'",1379123787065655296,2021-04-05 17:28:28,True,0,304
"b'RT @OnHerTurf: Last night, Holly Rowe highlighted that Arizona head coach Adia Barnes was delayed coming out of the locker room after halft\xe2\x80\xa6'",1379122751374454785,2021-04-05 17:24:21,True,0,27
"b'RT @OnHerTurf: Last night, Holly Rowe highlighted that Arizona head coach Adia Barnes was delayed coming out of the locker room after halft\xe2\x80\xa6'",1379119926095527936,2021-04-05 17:13:07,True,0,27
"b'RT @TheUndefeated: ""Let\'s normalize working mothers and all that they have to do to make it happen."" \xf0\x9f\x97\xa3\xef\xb8\x8f\xf0\x9f\x97\xa3\xef\xb8\x8f\xf0\x9f\x97\xa3\xef\xb8\x8f \n\n@sportsiren\'s report on Arizo\xe2\x80\xa6'",1379119166704119808,2021-04-05 17:10:06,True,0,304
"b'RT @TheUndefeated: ""Let\'s normalize working mothers and all that they have to do to make it happen."" \xf0\x9f\x97\xa3\xef\xb8\x8f\xf0\x9f\x97\xa3\xef\xb8\x8f\xf0\x9f\x97\xa3\xef\xb8\x8f \n\n@sportsiren\'s report on Arizo\xe2\x80\xa6'",1379117422079188993,2021-04-05 17:03:10,True,0,304
"b'RT @TheUndefeated: ""Let\'s normalize working mothers and all that they have to do to make it happen."" \xf0\x9f\x97\xa3\xef\xb8\x8f\xf0\x9f\x97\xa3\xef\xb8\x8f\xf0\x9f\x97\xa3\xef\xb8\x8f \n\n@sportsiren\'s report on Arizo\xe2\x80\xa6'",1379117285084909575,2021-04-05 17:02:38,True,0,304
"b'RT @TheUndefeated: ""Let\'s normalize working mothers and all that they have to do to make it happen."" \xf0\x9f\x97\xa3\xef\xb8\x8f\xf0\x9f\x97\xa3\xef\xb8\x8f\xf0\x9f\x97\xa3\xef\xb8\x8f \n\n@sportsiren\'s report on Arizo\xe2\x80\xa6'",1379116511193862148,2021-04-05 16:59:33,True,0,304
"b'RT @TheUndefeated: ""Let\'s normalize working mothers and all that they have to do to make it happen."" \xf0\x9f\x97\xa3\xef\xb8\x8f\xf0\x9f\x97\xa3\xef\xb8\x8f\xf0\x9f\x97\xa3\xef\xb8\x8f \n\n@sportsiren\'s report on Arizo\xe2\x80\xa6'",1379116285544570882,2021-04-05 16:58:39,True,0,304
"b'RT @OnHerTurf: Last night, Holly Rowe highlighted that Arizona head coach Adia Barnes was delayed coming out of the locker room after halft\xe2\x80\xa6'",1379115050804203524,2021-04-05 16:53:45,True,0,27
"b'RT @OnHerTurf: Last night, Holly Rowe highlighted that Arizona head coach Adia Barnes was delayed coming out of the locker room after halft\xe2\x80\xa6'",1379115050586284035,2021-04-05 16:53:45,True,0,27
"b'RT @TheUndefeated: ""Let\'s normalize working mothers and all that they have to do to make it happen."" \xf0\x9f\x97\xa3\xef\xb8\x8f\xf0\x9f\x97\xa3\xef\xb8\x8f\xf0\x9f\x97\xa3\xef\xb8\x8f \n\n@sportsiren\'s report on Arizo\xe2\x80\xa6'",1379114610863783942,2021-04-05 16:52:00,True,0,304
"b'RT @TheUndefeated: ""Let\'s normalize working mothers and all that they have to do to make it happen."" \xf0\x9f\x97\xa3\xef\xb8\x8f\xf0\x9f\x97\xa3\xef\xb8\x8f\xf0\x9f\x97\xa3\xef\xb8\x8f \n\n@sportsiren\'s report on Arizo\xe2\x80\xa6'",1379113697633767424,2021-04-05 16:48:22,True,0,304
"b'RT @OnHerTurf: Last night, Holly Rowe highlighted that Arizona head coach Adia Barnes was delayed coming out of the locker room after halft\xe2\x80\xa6'",1379113183911153670,2021-04-05 16:46:20,True,0,27
"b'RT @TheUndefeated: ""Let\'s normalize working mothers and all that they have to do to make it happen."" \xf0\x9f\x97\xa3\xef\xb8\x8f\xf0\x9f\x97\xa3\xef\xb8\x8f\xf0\x9f\x97\xa3\xef\xb8\x8f \n\n@sportsiren\'s report on Arizo\xe2\x80\xa6'",1379113128412151808,2021-04-05 16:46:07,True,0,304
"b'RT @TheUndefeated: ""Let\'s normalize working mothers and all that they have to do to make it happen."" \xf0\x9f\x97\xa3\xef\xb8\x8f\xf0\x9f\x97\xa3\xef\xb8\x8f\xf0\x9f\x97\xa3\xef\xb8\x8f \n\n@sportsiren\'s report on Arizo\xe2\x80\xa6'",1379112756532641796,2021-04-05 16:44:38,True,0,304
"b'RT @TheUndefeated: ""Let\'s normalize working mothers and all that they have to do to make it happen."" \xf0\x9f\x97\xa3\xef\xb8\x8f\xf0\x9f\x97\xa3\xef\xb8\x8f\xf0\x9f\x97\xa3\xef\xb8\x8f \n\n@sportsiren\'s report on Arizo\xe2\x80\xa6'",1379112592946380805,2021-04-05 16:43:59,True,0,304
"b""RT @heyblackmom: #heyblackmom, @ArizonaWBB head coach @AdiaBarnes pumping for her baby during halftime of last night's championship game pe\xe2\x80\xa6""",1379111006786490370,2021-04-05 16:37:41,True,0,2
"b'RT @TheUndefeated: ""Let\'s normalize working mothers and all that they have to do to make it happen."" \xf0\x9f\x97\xa3\xef\xb8\x8f\xf0\x9f\x97\xa3\xef\xb8\x8f\xf0\x9f\x97\xa3\xef\xb8\x8f \n\n@sportsiren\'s report on Arizo\xe2\x80\xa6'",1379108292413300738,2021-04-05 16:26:54,True,0,304
"b'RT @TheUndefeated: ""Let\'s normalize working mothers and all that they have to do to make it happen."" \xf0\x9f\x97\xa3\xef\xb8\x8f\xf0\x9f\x97\xa3\xef\xb8\x8f\xf0\x9f\x97\xa3\xef\xb8\x8f \n\n@sportsiren\'s report on Arizo\xe2\x80\xa6'",1379107799049834503,2021-04-05 16:24:56,True,0,304
"b'RT @OnHerTurf: Last night, Holly Rowe highlighted that Arizona head coach Adia Barnes was delayed coming out of the locker room after halft\xe2\x80\xa6'",1379107096235405314,2021-04-05 16:22:08,True,0,27
"b'RT @TheUndefeated: ""Let\'s normalize working mothers and all that they have to do to make it happen."" \xf0\x9f\x97\xa3\xef\xb8\x8f\xf0\x9f\x97\xa3\xef\xb8\x8f\xf0\x9f\x97\xa3\xef\xb8\x8f \n\n@sportsiren\'s report on Arizo\xe2\x80\xa6'",1379106718580359173,2021-04-05 16:20:38,True,0,304
"b'RT @TheUndefeated: ""Let\'s normalize working mothers and all that they have to do to make it happen."" \xf0\x9f\x97\xa3\xef\xb8\x8f\xf0\x9f\x97\xa3\xef\xb8\x8f\xf0\x9f\x97\xa3\xef\xb8\x8f \n\n@sportsiren\'s report on Arizo\xe2\x80\xa6'",1379106101749239813,2021-04-05 16:18:11,True,0,304
"b'RT @TheUndefeated: ""Let\'s normalize working mothers and all that they have to do to make it happen."" \xf0\x9f\x97\xa3\xef\xb8\x8f\xf0\x9f\x97\xa3\xef\xb8\x8f\xf0\x9f\x97\xa3\xef\xb8\x8f \n\n@sportsiren\'s report on Arizo\xe2\x80\xa6'",1379105566975492103,2021-04-05 16:16:04,True,0,304
"b""#heyblackmom, @ArizonaWBB head coach @AdiaBarnes pumping for her baby during halftime of last night's championship\xe2\x80\xa6 https://t.co/VRW6VYjS4h""",1379105393335541760,2021-04-05 16:15:22,False,2,2
"b'RT @TheUndefeated: ""Let\'s normalize working mothers and all that they have to do to make it happen."" \xf0\x9f\x97\xa3\xef\xb8\x8f\xf0\x9f\x97\xa3\xef\xb8\x8f\xf0\x9f\x97\xa3\xef\xb8\x8f \n\n@sportsiren\'s report on Arizo\xe2\x80\xa6'",1379105159477919746,2021-04-05 16:14:27,True,0,304
"b'RT @TheUndefeated: ""Let\'s normalize working mothers and all that they have to do to make it happen."" \xf0\x9f\x97\xa3\xef\xb8\x8f\xf0\x9f\x97\xa3\xef\xb8\x8f\xf0\x9f\x97\xa3\xef\xb8\x8f \n\n@sportsiren\'s report on Arizo\xe2\x80\xa6'",1379104503207763979,2021-04-05 16:11:50,True,0,304
"b'RT @OnHerTurf: Last night, Holly Rowe highlighted that Arizona head coach Adia Barnes was delayed coming out of the locker room after halft\xe2\x80\xa6'",1379104051648995329,2021-04-05 16:10:03,True,0,27
"b'RT @TheUndefeated: ""Let\'s normalize working mothers and all that they have to do to make it happen."" \xf0\x9f\x97\xa3\xef\xb8\x8f\xf0\x9f\x97\xa3\xef\xb8\x8f\xf0\x9f\x97\xa3\xef\xb8\x8f \n\n@sportsiren\'s report on Arizo\xe2\x80\xa6'",1379102994738909203,2021-04-05 16:05:51,True,0,304
"b'RT @TheUndefeated: ""Let\'s normalize working mothers and all that they have to do to make it happen."" \xf0\x9f\x97\xa3\xef\xb8\x8f\xf0\x9f\x97\xa3\xef\xb8\x8f\xf0\x9f\x97\xa3\xef\xb8\x8f \n\n@sportsiren\'s report on Arizo\xe2\x80\xa6'",1379102803294044160,2021-04-05 16:05:05,True,0,304
"b'RT @TheUndefeated: ""Let\'s normalize working mothers and all that they have to do to make it happen."" \xf0\x9f\x97\xa3\xef\xb8\x8f\xf0\x9f\x97\xa3\xef\xb8\x8f\xf0\x9f\x97\xa3\xef\xb8\x8f \n\n@sportsiren\'s report on Arizo\xe2\x80\xa6'",1379102338984607744,2021-04-05 16:03:14,True,0,304
"b'RT @TheUndefeated: ""Let\'s normalize working mothers and all that they have to do to make it happen."" \xf0\x9f\x97\xa3\xef\xb8\x8f\xf0\x9f\x97\xa3\xef\xb8\x8f\xf0\x9f\x97\xa3\xef\xb8\x8f \n\n@sportsiren\'s report on Arizo\xe2\x80\xa6'",1379102095681363971,2021-04-05 16:02:16,True,0,304
"b'RT @TheUndefeated: ""Let\'s normalize working mothers and all that they have to do to make it happen."" \xf0\x9f\x97\xa3\xef\xb8\x8f\xf0\x9f\x97\xa3\xef\xb8\x8f\xf0\x9f\x97\xa3\xef\xb8\x8f \n\n@sportsiren\'s report on Arizo\xe2\x80\xa6'",1379101995135610882,2021-04-05 16:01:52,True,0,304
"b'RT @TheUndefeated: ""Let\'s normalize working mothers and all that they have to do to make it happen."" \xf0\x9f\x97\xa3\xef\xb8\x8f\xf0\x9f\x97\xa3\xef\xb8\x8f\xf0\x9f\x97\xa3\xef\xb8\x8f \n\n@sportsiren\'s report on Arizo\xe2\x80\xa6'",1379101815749419012,2021-04-05 16:01:10,True,0,304
"b'RT @TheUndefeated: ""Let\'s normalize working mothers and all that they have to do to make it happen."" \xf0\x9f\x97\xa3\xef\xb8\x8f\xf0\x9f\x97\xa3\xef\xb8\x8f\xf0\x9f\x97\xa3\xef\xb8\x8f \n\n@sportsiren\'s report on Arizo\xe2\x80\xa6'",1379101745821925376,2021-04-05 16:00:53,True,0,304
"b'RT @TheUndefeated: ""Let\'s normalize working mothers and all that they have to do to make it happen."" \xf0\x9f\x97\xa3\xef\xb8\x8f\xf0\x9f\x97\xa3\xef\xb8\x8f\xf0\x9f\x97\xa3\xef\xb8\x8f \n\n@sportsiren\'s report on Arizo\xe2\x80\xa6'",1379101707460820996,2021-04-05 16:00:44,True,0,304
"b'RT @TheUndefeated: ""Let\'s normalize working mothers and all that they have to do to make it happen."" \xf0\x9f\x97\xa3\xef\xb8\x8f\xf0\x9f\x97\xa3\xef\xb8\x8f\xf0\x9f\x97\xa3\xef\xb8\x8f \n\n@sportsiren\'s report on Arizo\xe2\x80\xa6'",1379101530419257346,2021-04-05 16:00:01,True,0,304
"b'RT @TheUndefeated: ""Let\'s normalize working mothers and all that they have to do to make it happen."" \xf0\x9f\x97\xa3\xef\xb8\x8f\xf0\x9f\x97\xa3\xef\xb8\x8f\xf0\x9f\x97\xa3\xef\xb8\x8f \n\n@sportsiren\'s report on Arizo\xe2\x80\xa6'",1379101523842506763,2021-04-05 16:00:00,True,0,304
"b'RT @TheUndefeated: ""Let\'s normalize working mothers and all that they have to do to make it happen."" \xf0\x9f\x97\xa3\xef\xb8\x8f\xf0\x9f\x97\xa3\xef\xb8\x8f\xf0\x9f\x97\xa3\xef\xb8\x8f \n\n@sportsiren\'s report on Arizo\xe2\x80\xa6'",1379101246280245252,2021-04-05 15:58:54,True,0,304
"b'RT @TheUndefeated: ""Let\'s normalize working mothers and all that they have to do to make it happen."" \xf0\x9f\x97\xa3\xef\xb8\x8f\xf0\x9f\x97\xa3\xef\xb8\x8f\xf0\x9f\x97\xa3\xef\xb8\x8f \n\n@sportsiren\'s report on Arizo\xe2\x80\xa6'",1379101241666600964,2021-04-05 15:58:53,True,0,304
"b'RT @TheUndefeated: ""Let\'s normalize working mothers and all that they have to do to make it happen."" \xf0\x9f\x97\xa3\xef\xb8\x8f\xf0\x9f\x97\xa3\xef\xb8\x8f\xf0\x9f\x97\xa3\xef\xb8\x8f \n\n@sportsiren\'s report on Arizo\xe2\x80\xa6'",1379100974258720773,2021-04-05 15:57:49,True,0,304
"b'RT @TheUndefeated: ""Let\'s normalize working mothers and all that they have to do to make it happen."" \xf0\x9f\x97\xa3\xef\xb8\x8f\xf0\x9f\x97\xa3\xef\xb8\x8f\xf0\x9f\x97\xa3\xef\xb8\x8f \n\n@sportsiren\'s report on Arizo\xe2\x80\xa6'",1379100853366255616,2021-04-05 15:57:20,True,0,304
"b'RT @TheUndefeated: ""Let\'s normalize working mothers and all that they have to do to make it happen."" \xf0\x9f\x97\xa3\xef\xb8\x8f\xf0\x9f\x97\xa3\xef\xb8\x8f\xf0\x9f\x97\xa3\xef\xb8\x8f \n\n@sportsiren\'s report on Arizo\xe2\x80\xa6'",1379100843417481222,2021-04-05 15:57:18,True,0,304
"b'RT @TheUndefeated: ""Let\'s normalize working mothers and all that they have to do to make it happen."" \xf0\x9f\x97\xa3\xef\xb8\x8f\xf0\x9f\x97\xa3\xef\xb8\x8f\xf0\x9f\x97\xa3\xef\xb8\x8f \n\n@sportsiren\'s report on Arizo\xe2\x80\xa6'",1379100791969964032,2021-04-05 15:57:05,True,0,304
"b'RT @TheUndefeated: ""Let\'s normalize working mothers and all that they have to do to make it happen."" \xf0\x9f\x97\xa3\xef\xb8\x8f\xf0\x9f\x97\xa3\xef\xb8\x8f\xf0\x9f\x97\xa3\xef\xb8\x8f \n\n@sportsiren\'s report on Arizo\xe2\x80\xa6'",1379100693412376583,2021-04-05 15:56:42,True,0,304
"b'RT @TheUndefeated: ""Let\'s normalize working mothers and all that they have to do to make it happen."" \xf0\x9f\x97\xa3\xef\xb8\x8f\xf0\x9f\x97\xa3\xef\xb8\x8f\xf0\x9f\x97\xa3\xef\xb8\x8f \n\n@sportsiren\'s report on Arizo\xe2\x80\xa6'",1379100558158618624,2021-04-05 15:56:10,True,0,304
"b'RT @TheUndefeated: ""Let\'s normalize working mothers and all that they have to do to make it happen."" \xf0\x9f\x97\xa3\xef\xb8\x8f\xf0\x9f\x97\xa3\xef\xb8\x8f\xf0\x9f\x97\xa3\xef\xb8\x8f \n\n@sportsiren\'s report on Arizo\xe2\x80\xa6'",1379100505251663882,2021-04-05 15:55:57,True,0,304
"b'RT @TheUndefeated: ""Let\'s normalize working mothers and all that they have to do to make it happen."" \xf0\x9f\x97\xa3\xef\xb8\x8f\xf0\x9f\x97\xa3\xef\xb8\x8f\xf0\x9f\x97\xa3\xef\xb8\x8f \n\n@sportsiren\'s report on Arizo\xe2\x80\xa6'",1379100466907394050,2021-04-05 15:55:48,True,0,304
"b'RT @TheUndefeated: ""Let\'s normalize working mothers and all that they have to do to make it happen."" \xf0\x9f\x97\xa3\xef\xb8\x8f\xf0\x9f\x97\xa3\xef\xb8\x8f\xf0\x9f\x97\xa3\xef\xb8\x8f \n\n@sportsiren\'s report on Arizo\xe2\x80\xa6'",1379100184404062209,2021-04-05 15:54:41,True,0,304
"b'RT @TheUndefeated: ""Let\'s normalize working mothers and all that they have to do to make it happen."" \xf0\x9f\x97\xa3\xef\xb8\x8f\xf0\x9f\x97\xa3\xef\xb8\x8f\xf0\x9f\x97\xa3\xef\xb8\x8f \n\n@sportsiren\'s report on Arizo\xe2\x80\xa6'",1379100132071776256,2021-04-05 15:54:28,True,0,304
"b'RT @TheUndefeated: ""Let\'s normalize working mothers and all that they have to do to make it happen."" \xf0\x9f\x97\xa3\xef\xb8\x8f\xf0\x9f\x97\xa3\xef\xb8\x8f\xf0\x9f\x97\xa3\xef\xb8\x8f \n\n@sportsiren\'s report on Arizo\xe2\x80\xa6'",1379100126363389954,2021-04-05 15:54:27,True,0,304
"b'RT @TheUndefeated: ""Let\'s normalize working mothers and all that they have to do to make it happen."" \xf0\x9f\x97\xa3\xef\xb8\x8f\xf0\x9f\x97\xa3\xef\xb8\x8f\xf0\x9f\x97\xa3\xef\xb8\x8f \n\n@sportsiren\'s report on Arizo\xe2\x80\xa6'",1379100121837801474,2021-04-05 15:54:26,True,0,304
"b'RT @TheUndefeated: ""Let\'s normalize working mothers and all that they have to do to make it happen."" \xf0\x9f\x97\xa3\xef\xb8\x8f\xf0\x9f\x97\xa3\xef\xb8\x8f\xf0\x9f\x97\xa3\xef\xb8\x8f \n\n@sportsiren\'s report on Arizo\xe2\x80\xa6'",1379100068482064388,2021-04-05 15:54:13,True,0,304
"b'RT @TheUndefeated: ""Let\'s normalize working mothers and all that they have to do to make it happen."" \xf0\x9f\x97\xa3\xef\xb8\x8f\xf0\x9f\x97\xa3\xef\xb8\x8f\xf0\x9f\x97\xa3\xef\xb8\x8f \n\n@sportsiren\'s report on Arizo\xe2\x80\xa6'",1379100063675342859,2021-04-05 15:54:12,True,0,304
"b'RT @TheUndefeated: ""Let\'s normalize working mothers and all that they have to do to make it happen."" \xf0\x9f\x97\xa3\xef\xb8\x8f\xf0\x9f\x97\xa3\xef\xb8\x8f\xf0\x9f\x97\xa3\xef\xb8\x8f \n\n@sportsiren\'s report on Arizo\xe2\x80\xa6'",1379099985610993675,2021-04-05 15:53:53,True,0,304
"b'RT @OnHerTurf: Last night, Holly Rowe highlighted that Arizona head coach Adia Barnes was delayed coming out of the locker room after halft\xe2\x80\xa6'",1379099841851240450,2021-04-05 15:53:19,True,0,27
"b'RT @TheUndefeated: ""Let\'s normalize working mothers and all that they have to do to make it happen."" \xf0\x9f\x97\xa3\xef\xb8\x8f\xf0\x9f\x97\xa3\xef\xb8\x8f\xf0\x9f\x97\xa3\xef\xb8\x8f \n\n@sportsiren\'s report on Arizo\xe2\x80\xa6'",1379098767794827265,2021-04-05 15:49:03,True,0,304
"b'RT @OnHerTurf: Last night, Holly Rowe highlighted that Arizona head coach Adia Barnes was delayed coming out of the locker room after halft\xe2\x80\xa6'",1379098720390815745,2021-04-05 15:48:52,True,0,27
"b'RT @OnHerTurf: Last night, Holly Rowe highlighted that Arizona head coach Adia Barnes was delayed coming out of the locker room after halft\xe2\x80\xa6'",1379097090559643652,2021-04-05 15:42:23,True,0,27
"b'RT @thegistusa: Arizona head coach Adia Barnes is an incredible role model \xf0\x9f\x92\x9c\n\nWhile engineering a stunning NCAA tournament run, Barnes also\xe2\x80\xa6'",1379096862527905792,2021-04-05 15:41:29,True,0,1
"b'RT @OnHerTurf: Last night, Holly Rowe highlighted that Arizona head coach Adia Barnes was delayed coming out of the locker room after halft\xe2\x80\xa6'",1379095713208885257,2021-04-05 15:36:55,True,0,27
"b'RT @TheUndefeated: ""Let\'s normalize working mothers and all that they have to do to make it happen."" \xf0\x9f\x97\xa3\xef\xb8\x8f\xf0\x9f\x97\xa3\xef\xb8\x8f\xf0\x9f\x97\xa3\xef\xb8\x8f \n\n@sportsiren\'s report on Arizo\xe2\x80\xa6'",1379094578859438081,2021-04-05 15:32:24,True,0,304
"b'RT @TheUndefeated: ""Let\'s normalize working mothers and all that they have to do to make it happen."" \xf0\x9f\x97\xa3\xef\xb8\x8f\xf0\x9f\x97\xa3\xef\xb8\x8f\xf0\x9f\x97\xa3\xef\xb8\x8f \n\n@sportsiren\'s report on Arizo\xe2\x80\xa6'",1379094003929468930,2021-04-05 15:30:07,True,0,304
"b'RT @OnHerTurf: Last night, Holly Rowe highlighted that Arizona head coach Adia Barnes was delayed coming out of the locker room after halft\xe2\x80\xa6'",1379093370224701449,2021-04-05 15:27:36,True,0,27
"b'RT @RachelRCarlson: It\xe2\x80\x99s Stanford women for the win!\xc2\xa0\xc2\xa0But props are owed to Arizona coach &amp; new mom Adia Barnes.\xc2\xa0\xc2\xa0\n\nAs the announcer said,\xe2\x80\xa6'",1379092755486412800,2021-04-05 15:25:09,True,0,3
"b'Arizona head coach Adia Barnes is an incredible role model \xf0\x9f\x92\x9c\n\nWhile engineering a stunning NCAA tournament run, Bar\xe2\x80\xa6 https://t.co/RLd4udGsk1'",1379092716424888325,2021-04-05 15:25:00,False,6,1
"b""Proud of you @AdiaBarnes\n#BearDown\n#MadeForIt \nThe breakout star of March Madness? A coach 'representing moms' and\xe2\x80\xa6 https://t.co/HokcwAdKuf""",1379091302403334145,2021-04-05 15:19:23,False,0,0
"b'RT @OnHerTurf: Last night, Holly Rowe highlighted that Arizona head coach Adia Barnes was delayed coming out of the locker room after halft\xe2\x80\xa6'",1379090425689030657,2021-04-05 15:15:54,True,0,27
"b'RT @OnHerTurf: Last night, Holly Rowe highlighted that Arizona head coach Adia Barnes was delayed coming out of the locker room after halft\xe2\x80\xa6'",1379089001009668096,2021-04-05 15:10:14,True,0,27
"b""The breakout star of March Madness? A coach 'representing moms' and pumping breast milk at halftime https://t.co/tpbeUhpvtm via @Yahoo""",1379084630540787724,2021-04-05 14:52:52,False,0,0
"b'RT @OnHerTurf: Last night, Holly Rowe highlighted that Arizona head coach Adia Barnes was delayed coming out of the locker room after halft\xe2\x80\xa6'",1379083863494909952,2021-04-05 14:49:49,True,0,27
b'RT @SeifertESPN: \xe2\x80\x9cLet\xe2\x80\x99s normalize working mothers and all that they have to do to make it happen.\xe2\x80\x9d Tremendous report from @sportsiren on Ar\xe2\x80\xa6',1379083759648186373,2021-04-05 14:49:25,True,0,35
"b'RT @RachelRCarlson: It\xe2\x80\x99s Stanford women for the win!\xc2\xa0\xc2\xa0But props are owed to Arizona coach &amp; new mom Adia Barnes.\xc2\xa0\xc2\xa0\n\nAs the announcer said,\xe2\x80\xa6'",1379081813986000897,2021-04-05 14:41:41,True,0,3
"b'RT @TheUndefeated: ""Let\'s normalize working mothers and all that they have to do to make it happen."" \xf0\x9f\x97\xa3\xef\xb8\x8f\xf0\x9f\x97\xa3\xef\xb8\x8f\xf0\x9f\x97\xa3\xef\xb8\x8f \n\n@sportsiren\'s report on Arizo\xe2\x80\xa6'",1379081559743991810,2021-04-05 14:40:40,True,0,304
"b'RT @TheUndefeated: ""Let\'s normalize working mothers and all that they have to do to make it happen."" \xf0\x9f\x97\xa3\xef\xb8\x8f\xf0\x9f\x97\xa3\xef\xb8\x8f\xf0\x9f\x97\xa3\xef\xb8\x8f \n\n@sportsiren\'s report on Arizo\xe2\x80\xa6'",1379078569566044166,2021-04-05 14:28:47,True,0,304
"b'RT @OnHerTurf: Last night, Holly Rowe highlighted that Arizona head coach Adia Barnes was delayed coming out of the locker room after halft\xe2\x80\xa6'",1379077732991168514,2021-04-05 14:25:28,True,0,27
"b'RT @TheUndefeated: ""Let\'s normalize working mothers and all that they have to do to make it happen."" \xf0\x9f\x97\xa3\xef\xb8\x8f\xf0\x9f\x97\xa3\xef\xb8\x8f\xf0\x9f\x97\xa3\xef\xb8\x8f \n\n@sportsiren\'s report on Arizo\xe2\x80\xa6'",1379077256715366403,2021-04-05 14:23:34,True,0,304
"b'RT @OnHerTurf: Last night, Holly Rowe highlighted that Arizona head coach Adia Barnes was delayed coming out of the locker room after halft\xe2\x80\xa6'",1379075893419778050,2021-04-05 14:18:09,True,0,27
"b'RT @OnHerTurf: Last night, Holly Rowe highlighted that Arizona head coach Adia Barnes was delayed coming out of the locker room after halft\xe2\x80\xa6'",1379075697898049538,2021-04-05 14:17:23,True,0,27
"b'RT @TheUndefeated: ""Let\'s normalize working mothers and all that they have to do to make it happen."" \xf0\x9f\x97\xa3\xef\xb8\x8f\xf0\x9f\x97\xa3\xef\xb8\x8f\xf0\x9f\x97\xa3\xef\xb8\x8f \n\n@sportsiren\'s report on Arizo\xe2\x80\xa6'",1379075480993767432,2021-04-05 14:16:31,True,0,304
"b'RT @OnHerTurf: Last night, Holly Rowe highlighted that Arizona head coach Adia Barnes was delayed coming out of the locker room after halft\xe2\x80\xa6'",1379075430808911875,2021-04-05 14:16:19,True,0,27
"b'RT @OnHerTurf: Last night, Holly Rowe highlighted that Arizona head coach Adia Barnes was delayed coming out of the locker room after halft\xe2\x80\xa6'",1379074799838846982,2021-04-05 14:13:48,True,0,27
"b'RT @TheUndefeated: ""Let\'s normalize working mothers and all that they have to do to make it happen."" \xf0\x9f\x97\xa3\xef\xb8\x8f\xf0\x9f\x97\xa3\xef\xb8\x8f\xf0\x9f\x97\xa3\xef\xb8\x8f \n\n@sportsiren\'s report on Arizo\xe2\x80\xa6'",1379073379362242567,2021-04-05 14:08:10,True,0,304
"b'RT @OnHerTurf: Last night, Holly Rowe highlighted that Arizona head coach Adia Barnes was delayed coming out of the locker room after halft\xe2\x80\xa6'",1379072885768224776,2021-04-05 14:06:12,True,0,27
"b'Last night, Holly Rowe highlighted that Arizona head coach Adia Barnes was delayed coming out of the locker room af\xe2\x80\xa6 https://t.co/kmMjuLyJKd'",1379071211674730500,2021-04-05 13:59:33,False,206,27
"b'RT @TheUndefeated: ""Let\'s normalize working mothers and all that they have to do to make it happen."" \xf0\x9f\x97\xa3\xef\xb8\x8f\xf0\x9f\x97\xa3\xef\xb8\x8f\xf0\x9f\x97\xa3\xef\xb8\x8f \n\n@sportsiren\'s report on Arizo\xe2\x80\xa6'",1379069092158533635,2021-04-05 13:51:08,True,0,304
"b'RT @TheUndefeated: ""Let\'s normalize working mothers and all that they have to do to make it happen."" \xf0\x9f\x97\xa3\xef\xb8\x8f\xf0\x9f\x97\xa3\xef\xb8\x8f\xf0\x9f\x97\xa3\xef\xb8\x8f \n\n@sportsiren\'s report on Arizo\xe2\x80\xa6'",1379064881190699009,2021-04-05 13:34:24,True,0,304
"b'RT @TheUndefeated: ""Let\'s normalize working mothers and all that they have to do to make it happen."" \xf0\x9f\x97\xa3\xef\xb8\x8f\xf0\x9f\x97\xa3\xef\xb8\x8f\xf0\x9f\x97\xa3\xef\xb8\x8f \n\n@sportsiren\'s report on Arizo\xe2\x80\xa6'",1379063832706965513,2021-04-05 13:30:14,True,0,304
"b'RT @TheUndefeated: ""Let\'s normalize working mothers and all that they have to do to make it happen."" \xf0\x9f\x97\xa3\xef\xb8\x8f\xf0\x9f\x97\xa3\xef\xb8\x8f\xf0\x9f\x97\xa3\xef\xb8\x8f \n\n@sportsiren\'s report on Arizo\xe2\x80\xa6'",1379063504628424708,2021-04-05 13:28:55,True,0,304
"b'RT @TheUndefeated: ""Let\'s normalize working mothers and all that they have to do to make it happen."" \xf0\x9f\x97\xa3\xef\xb8\x8f\xf0\x9f\x97\xa3\xef\xb8\x8f\xf0\x9f\x97\xa3\xef\xb8\x8f \n\n@sportsiren\'s report on Arizo\xe2\x80\xa6'",1379062258479861762,2021-04-05 13:23:58,True,0,304
"b'RT @TheUndefeated: ""Let\'s normalize working mothers and all that they have to do to make it happen."" \xf0\x9f\x97\xa3\xef\xb8\x8f\xf0\x9f\x97\xa3\xef\xb8\x8f\xf0\x9f\x97\xa3\xef\xb8\x8f \n\n@sportsiren\'s report on Arizo\xe2\x80\xa6'",1379059087107887104,2021-04-05 13:11:22,True,0,304
"b'RT @TheUndefeated: ""Let\'s normalize working mothers and all that they have to do to make it happen."" \xf0\x9f\x97\xa3\xef\xb8\x8f\xf0\x9f\x97\xa3\xef\xb8\x8f\xf0\x9f\x97\xa3\xef\xb8\x8f \n\n@sportsiren\'s report on Arizo\xe2\x80\xa6'",1379057750370574345,2021-04-05 13:06:03,True,0,304
"b'RT @TheUndefeated: ""Let\'s normalize working mothers and all that they have to do to make it happen."" \xf0\x9f\x97\xa3\xef\xb8\x8f\xf0\x9f\x97\xa3\xef\xb8\x8f\xf0\x9f\x97\xa3\xef\xb8\x8f \n\n@sportsiren\'s report on Arizo\xe2\x80\xa6'",1379057521445367809,2021-04-05 13:05:09,True,0,304
"b'RT @TheUndefeated: ""Let\'s normalize working mothers and all that they have to do to make it happen."" \xf0\x9f\x97\xa3\xef\xb8\x8f\xf0\x9f\x97\xa3\xef\xb8\x8f\xf0\x9f\x97\xa3\xef\xb8\x8f \n\n@sportsiren\'s report on Arizo\xe2\x80\xa6'",1379055927647670272,2021-04-05 12:58:49,True,0,304
"b'RT @TheUndefeated: ""Let\'s normalize working mothers and all that they have to do to make it happen."" \xf0\x9f\x97\xa3\xef\xb8\x8f\xf0\x9f\x97\xa3\xef\xb8\x8f\xf0\x9f\x97\xa3\xef\xb8\x8f \n\n@sportsiren\'s report on Arizo\xe2\x80\xa6'",1379055107732611075,2021-04-05 12:55:33,True,0,304
"b'RT @TheUndefeated: ""Let\'s normalize working mothers and all that they have to do to make it happen."" \xf0\x9f\x97\xa3\xef\xb8\x8f\xf0\x9f\x97\xa3\xef\xb8\x8f\xf0\x9f\x97\xa3\xef\xb8\x8f \n\n@sportsiren\'s report on Arizo\xe2\x80\xa6'",1379051835516878851,2021-04-05 12:42:33,True,0,304
"b'RT @TheUndefeated: ""Let\'s normalize working mothers and all that they have to do to make it happen."" \xf0\x9f\x97\xa3\xef\xb8\x8f\xf0\x9f\x97\xa3\xef\xb8\x8f\xf0\x9f\x97\xa3\xef\xb8\x8f \n\n@sportsiren\'s report on Arizo\xe2\x80\xa6'",1379051159206440960,2021-04-05 12:39:52,True,0,304
"b""RIGHT ON! The breakout star of March Madness? A coach 'representing moms' and pumping breast milk at halftime\xe2\x80\xa6 https://t.co/qCqAgc8SWT""",1379049965742329856,2021-04-05 12:35:07,False,0,0
"b""The breakout star of March Madness? A coach 'representing moms' and pumping breast milk at halftime https://t.co/1S0TgXyrEx via @Yahoo""",1379049361137668097,2021-04-05 12:32:43,False,0,0
"b'RT @TheUndefeated: ""Let\'s normalize working mothers and all that they have to do to make it happen."" \xf0\x9f\x97\xa3\xef\xb8\x8f\xf0\x9f\x97\xa3\xef\xb8\x8f\xf0\x9f\x97\xa3\xef\xb8\x8f \n\n@sportsiren\'s report on Arizo\xe2\x80\xa6'",1379048689596006401,2021-04-05 12:30:03,True,0,304
"b'RT @TheUndefeated: ""Let\'s normalize working mothers and all that they have to do to make it happen."" \xf0\x9f\x97\xa3\xef\xb8\x8f\xf0\x9f\x97\xa3\xef\xb8\x8f\xf0\x9f\x97\xa3\xef\xb8\x8f \n\n@sportsiren\'s report on Arizo\xe2\x80\xa6'",1379048532452249602,2021-04-05 12:29:26,True,0,304
"b'RT @TheUndefeated: ""Let\'s normalize working mothers and all that they have to do to make it happen."" \xf0\x9f\x97\xa3\xef\xb8\x8f\xf0\x9f\x97\xa3\xef\xb8\x8f\xf0\x9f\x97\xa3\xef\xb8\x8f \n\n@sportsiren\'s report on Arizo\xe2\x80\xa6'",1379047217491763201,2021-04-05 12:24:12,True,0,304
"b'RT @TheUndefeated: ""Let\'s normalize working mothers and all that they have to do to make it happen."" \xf0\x9f\x97\xa3\xef\xb8\x8f\xf0\x9f\x97\xa3\xef\xb8\x8f\xf0\x9f\x97\xa3\xef\xb8\x8f \n\n@sportsiren\'s report on Arizo\xe2\x80\xa6'",1379045115877068803,2021-04-05 12:15:51,True,0,304
"b""The breakout star of March Madness? A coach 'representing moms' and pumping breast milk at halftime - Yahoo Sports\xe2\x80\xa6 https://t.co/vxRIef77Go""",1379044793255292929,2021-04-05 12:14:34,False,0,0
"b'RT @TheUndefeated: ""Let\'s normalize working mothers and all that they have to do to make it happen."" \xf0\x9f\x97\xa3\xef\xb8\x8f\xf0\x9f\x97\xa3\xef\xb8\x8f\xf0\x9f\x97\xa3\xef\xb8\x8f \n\n@sportsiren\'s report on Arizo\xe2\x80\xa6'",1379039526253907968,2021-04-05 11:53:39,True,0,304
"b'RT @TheUndefeated: ""Let\'s normalize working mothers and all that they have to do to make it happen."" \xf0\x9f\x97\xa3\xef\xb8\x8f\xf0\x9f\x97\xa3\xef\xb8\x8f\xf0\x9f\x97\xa3\xef\xb8\x8f \n\n@sportsiren\'s report on Arizo\xe2\x80\xa6'",1379038383125757959,2021-04-05 11:49:06,True,0,304
"b""The breakout star of March Madness? A coach 'representing moms' and pumping breast milk at halftime https://t.co/RcL2oiXB34""",1379035765217370113,2021-04-05 11:38:42,False,3,0
"b'RT @TheUndefeated: ""Let\'s normalize working mothers and all that they have to do to make it happen."" \xf0\x9f\x97\xa3\xef\xb8\x8f\xf0\x9f\x97\xa3\xef\xb8\x8f\xf0\x9f\x97\xa3\xef\xb8\x8f \n\n@sportsiren\'s report on Arizo\xe2\x80\xa6'",1379033619243675652,2021-04-05 11:30:10,True,0,304
"b""The breakout star of March Madness? A coach 'representing moms' and pumping breast milk at halftime - Yahoo Sports https://t.co/amxTd23Lkx""",1379026417137065985,2021-04-05 11:01:33,False,0,0
"b""The breakout star of March Madness? A coach 'representing moms' and pumping breast milk at halftime - Yahoo Sports:\xe2\x80\xa6 https://t.co/fgJJHM8G8L""",1379026416721829890,2021-04-05 11:01:33,False,0,0
"b""The breakout star of March Madness? A coach 'representing moms' and pumping breast milk at halftime - Yahoo Sports:\xe2\x80\xa6 https://t.co/z5pIO1UZ1G""",1379026415950069762,2021-04-05 11:01:33,False,0,0
"b""* The breakout star of March Madness? A coach 'representing moms' and pumping breast milk at halftime\xc2\xa0\xc2\xa0Yahoo Sports\xe2\x80\xa6 https://t.co/AJD2FuFa2f""",1379026415488704513,2021-04-05 11:01:33,False,0,0
"b""* The breakout star of March Madness? A coach 'representing moms' and pumping breast milk at halftime\xc2\xa0\xc2\xa0Yahoo Sports\xe2\x80\xa6 https://t.co/kZvBv427Tw""",1379026415048302592,2021-04-05 11:01:33,False,0,0
"b""The breakout star of March Madness? A coach 'representing moms' and pumping breast milk at halftime - Yahoo Sports\xe2\x80\xa6 https://t.co/O4lQEQ5g5j""",1379026301084831745,2021-04-05 11:01:05,False,0,0
"b'RT @TheUndefeated: ""Let\'s normalize working mothers and all that they have to do to make it happen."" \xf0\x9f\x97\xa3\xef\xb8\x8f\xf0\x9f\x97\xa3\xef\xb8\x8f\xf0\x9f\x97\xa3\xef\xb8\x8f \n\n@sportsiren\'s report on Arizo\xe2\x80\xa6'",1379023634501660676,2021-04-05 10:50:30,True,0,304
"b""* The breakout star of March Madness? A coach 'representing moms' and pumping breast milk at halftime\xc2\xa0\xc2\xa0Yahoo Sports\xe2\x80\xa6 https://t.co/h70mY3Z5SV""",1379022517826809858,2021-04-05 10:46:03,False,0,0
"b'RT @TheUndefeated: ""Let\'s normalize working mothers and all that they have to do to make it happen."" \xf0\x9f\x97\xa3\xef\xb8\x8f\xf0\x9f\x97\xa3\xef\xb8\x8f\xf0\x9f\x97\xa3\xef\xb8\x8f \n\n@sportsiren\'s report on Arizo\xe2\x80\xa6'",1379021293366960133,2021-04-05 10:41:11,True,0,304
"b'RT @TheUndefeated: ""Let\'s normalize working mothers and all that they have to do to make it happen."" \xf0\x9f\x97\xa3\xef\xb8\x8f\xf0\x9f\x97\xa3\xef\xb8\x8f\xf0\x9f\x97\xa3\xef\xb8\x8f \n\n@sportsiren\'s report on Arizo\xe2\x80\xa6'",1379020568058552331,2021-04-05 10:38:19,True,0,304
"b""The breakout star of March Madness? A coach 'representing moms' and pumping breast milk at halftime - Yahoo Sports https://t.co/roNTzauy3K""",1379018489504047108,2021-04-05 10:30:03,False,0,0
"b'RT @TheUndefeated: ""Let\'s normalize working mothers and all that they have to do to make it happen."" \xf0\x9f\x97\xa3\xef\xb8\x8f\xf0\x9f\x97\xa3\xef\xb8\x8f\xf0\x9f\x97\xa3\xef\xb8\x8f \n\n@sportsiren\'s report on Arizo\xe2\x80\xa6'",1379007834956906499,2021-04-05 09:47:43,True,0,304
"b'RT @TheUndefeated: ""Let\'s normalize working mothers and all that they have to do to make it happen."" \xf0\x9f\x97\xa3\xef\xb8\x8f\xf0\x9f\x97\xa3\xef\xb8\x8f\xf0\x9f\x97\xa3\xef\xb8\x8f \n\n@sportsiren\'s report on Arizo\xe2\x80\xa6'",1378995387801903104,2021-04-05 08:58:15,True,0,304
"b""The breakout star of March Madness? A coach 'representing moms' and pumping breast milk at halftime https://t.co/XhpDtRU2gm""",1378980036670283782,2021-04-05 07:57:15,False,0,0
"b""The breakout star of March Madness? A coach 'representing moms' and pumping breast milk at halftime - Yahoo Sports\xe2\x80\xa6 https://t.co/ukz99vYSFf""",1378978222260490244,2021-04-05 07:50:03,False,0,0
"b""The breakout star of March Madness? A coach 'representing moms' and pumping breast milk at halftime - Yahoo Sports\xe2\x80\xa6 https://t.co/S9nJp4CavV""",1378966733613064195,2021-04-05 07:04:23,False,0,0
"b""The breakout star of March Madness? A coach 'representing moms' and pumping breast milk at halftime - Yahoo Sports\xe2\x80\xa6 https://t.co/lY9qaT9AXM""",1378966020803620865,2021-04-05 07:01:33,False,0,0
"b""The breakout star of March Madness? A coach 'representing moms' and pumping breast milk at halftime - Yahoo Sports https://t.co/aNHi1Pbx0g""",1378961111471452160,2021-04-05 06:42:03,False,0,0
"b'RT @TheUndefeated: ""Let\'s normalize working mothers and all that they have to do to make it happen."" \xf0\x9f\x97\xa3\xef\xb8\x8f\xf0\x9f\x97\xa3\xef\xb8\x8f\xf0\x9f\x97\xa3\xef\xb8\x8f \n\n@sportsiren\'s report on Arizo\xe2\x80\xa6'",1378958725009002498,2021-04-05 06:32:34,True,0,304
"b""The breakout star of March Madness? A coach 'representing moms' and pumping breast milk at halftime - Yahoo Sports https://t.co/cMg8FLH6aS""",1378953189777571841,2021-04-05 06:10:34,False,0,0
"b""The breakout star of March Madness? A coach 'representing moms' and pumping breast milk at halftime - Yahoo Sports\xe2\x80\xa6 https://t.co/VFLyx1Nzfp""",1378953060001538049,2021-04-05 06:10:03,False,0,0
"b""The breakout star of March Madness? A coach 'representing moms' and pumping breast milk at halftime - Yahoo Sports https://t.co/wyrJZ3PgvH""",1378951552673574913,2021-04-05 06:04:04,False,0,0
"b""The breakout star of March Madness? A coach 'representing moms' and pumping breast milk at halftime - Yahoo Sports\xe2\x80\xa6 https://t.co/hvXDeOSGvH""",1378951300365262851,2021-04-05 06:03:04,False,0,0
"b""The breakout star of March Madness? A coach 'representing moms' and pumping breast milk at halftime\xe2\x80\xa6 https://t.co/sUP6ZHaptD""",1378950768103858176,2021-04-05 06:00:57,False,0,0
"b'RT @TheUndefeated: ""Let\'s normalize working mothers and all that they have to do to make it happen."" \xf0\x9f\x97\xa3\xef\xb8\x8f\xf0\x9f\x97\xa3\xef\xb8\x8f\xf0\x9f\x97\xa3\xef\xb8\x8f \n\n@sportsiren\'s report on Arizo\xe2\x80\xa6'",1378944273782034433,2021-04-05 05:35:09,True,0,304
"b'RT @TheUndefeated: ""Let\'s normalize working mothers and all that they have to do to make it happen."" \xf0\x9f\x97\xa3\xef\xb8\x8f\xf0\x9f\x97\xa3\xef\xb8\x8f\xf0\x9f\x97\xa3\xef\xb8\x8f \n\n@sportsiren\'s report on Arizo\xe2\x80\xa6'",1378940519624007680,2021-04-05 05:20:14,True,0,304
"b'RT @TheUndefeated: ""Let\'s normalize working mothers and all that they have to do to make it happen."" \xf0\x9f\x97\xa3\xef\xb8\x8f\xf0\x9f\x97\xa3\xef\xb8\x8f\xf0\x9f\x97\xa3\xef\xb8\x8f \n\n@sportsiren\'s report on Arizo\xe2\x80\xa6'",1378937044508975104,2021-04-05 05:06:25,True,0,304
"b'RT @TheUndefeated: ""Let\'s normalize working mothers and all that they have to do to make it happen."" \xf0\x9f\x97\xa3\xef\xb8\x8f\xf0\x9f\x97\xa3\xef\xb8\x8f\xf0\x9f\x97\xa3\xef\xb8\x8f \n\n@sportsiren\'s report on Arizo\xe2\x80\xa6'",1378934578300215297,2021-04-05 04:56:37,True,0,304
"b'RT @TheUndefeated: ""Let\'s normalize working mothers and all that they have to do to make it happen."" \xf0\x9f\x97\xa3\xef\xb8\x8f\xf0\x9f\x97\xa3\xef\xb8\x8f\xf0\x9f\x97\xa3\xef\xb8\x8f \n\n@sportsiren\'s report on Arizo\xe2\x80\xa6'",1378928836629438464,2021-04-05 04:33:48,True,0,304
"b'RT @TheUndefeated: ""Let\'s normalize working mothers and all that they have to do to make it happen."" \xf0\x9f\x97\xa3\xef\xb8\x8f\xf0\x9f\x97\xa3\xef\xb8\x8f\xf0\x9f\x97\xa3\xef\xb8\x8f \n\n@sportsiren\'s report on Arizo\xe2\x80\xa6'",1378928505665167361,2021-04-05 04:32:29,True,0,304
"b'RT @TheUndefeated: ""Let\'s normalize working mothers and all that they have to do to make it happen."" \xf0\x9f\x97\xa3\xef\xb8\x8f\xf0\x9f\x97\xa3\xef\xb8\x8f\xf0\x9f\x97\xa3\xef\xb8\x8f \n\n@sportsiren\'s report on Arizo\xe2\x80\xa6'",1378927499392913415,2021-04-05 04:28:29,True,0,304
"b'RT @TheUndefeated: ""Let\'s normalize working mothers and all that they have to do to make it happen."" \xf0\x9f\x97\xa3\xef\xb8\x8f\xf0\x9f\x97\xa3\xef\xb8\x8f\xf0\x9f\x97\xa3\xef\xb8\x8f \n\n@sportsiren\'s report on Arizo\xe2\x80\xa6'",1378925867145981953,2021-04-05 04:22:00,True,0,304
"b'RT @TheUndefeated: ""Let\'s normalize working mothers and all that they have to do to make it happen."" \xf0\x9f\x97\xa3\xef\xb8\x8f\xf0\x9f\x97\xa3\xef\xb8\x8f\xf0\x9f\x97\xa3\xef\xb8\x8f \n\n@sportsiren\'s report on Arizo\xe2\x80\xa6'",1378925415742455810,2021-04-05 04:20:12,True,0,304
"b'RT @TheUndefeated: ""Let\'s normalize working mothers and all that they have to do to make it happen."" \xf0\x9f\x97\xa3\xef\xb8\x8f\xf0\x9f\x97\xa3\xef\xb8\x8f\xf0\x9f\x97\xa3\xef\xb8\x8f \n\n@sportsiren\'s report on Arizo\xe2\x80\xa6'",1378924689045741572,2021-04-05 04:17:19,True,0,304
"b'RT @TheUndefeated: ""Let\'s normalize working mothers and all that they have to do to make it happen."" \xf0\x9f\x97\xa3\xef\xb8\x8f\xf0\x9f\x97\xa3\xef\xb8\x8f\xf0\x9f\x97\xa3\xef\xb8\x8f \n\n@sportsiren\'s report on Arizo\xe2\x80\xa6'",1378923461330968576,2021-04-05 04:12:26,True,0,304
"b'RT @TheUndefeated: ""Let\'s normalize working mothers and all that they have to do to make it happen."" \xf0\x9f\x97\xa3\xef\xb8\x8f\xf0\x9f\x97\xa3\xef\xb8\x8f\xf0\x9f\x97\xa3\xef\xb8\x8f \n\n@sportsiren\'s report on Arizo\xe2\x80\xa6'",1378923308914204674,2021-04-05 04:11:50,True,0,304
"b'RT @TheUndefeated: ""Let\'s normalize working mothers and all that they have to do to make it happen."" \xf0\x9f\x97\xa3\xef\xb8\x8f\xf0\x9f\x97\xa3\xef\xb8\x8f\xf0\x9f\x97\xa3\xef\xb8\x8f \n\n@sportsiren\'s report on Arizo\xe2\x80\xa6'",1378921611751870472,2021-04-05 04:05:06,True,0,304
"b'RT @TheUndefeated: ""Let\'s normalize working mothers and all that they have to do to make it happen."" \xf0\x9f\x97\xa3\xef\xb8\x8f\xf0\x9f\x97\xa3\xef\xb8\x8f\xf0\x9f\x97\xa3\xef\xb8\x8f \n\n@sportsiren\'s report on Arizo\xe2\x80\xa6'",1378919571868975104,2021-04-05 03:56:59,True,0,304
"b'RT @TheUndefeated: ""Let\'s normalize working mothers and all that they have to do to make it happen."" \xf0\x9f\x97\xa3\xef\xb8\x8f\xf0\x9f\x97\xa3\xef\xb8\x8f\xf0\x9f\x97\xa3\xef\xb8\x8f \n\n@sportsiren\'s report on Arizo\xe2\x80\xa6'",1378919175880605698,2021-04-05 03:55:25,True,0,304
"b'RT @TheUndefeated: ""Let\'s normalize working mothers and all that they have to do to make it happen."" \xf0\x9f\x97\xa3\xef\xb8\x8f\xf0\x9f\x97\xa3\xef\xb8\x8f\xf0\x9f\x97\xa3\xef\xb8\x8f \n\n@sportsiren\'s report on Arizo\xe2\x80\xa6'",1378918812569890819,2021-04-05 03:53:58,True,0,304
"b'RT @TheUndefeated: ""Let\'s normalize working mothers and all that they have to do to make it happen."" \xf0\x9f\x97\xa3\xef\xb8\x8f\xf0\x9f\x97\xa3\xef\xb8\x8f\xf0\x9f\x97\xa3\xef\xb8\x8f \n\n@sportsiren\'s report on Arizo\xe2\x80\xa6'",1378918558038687751,2021-04-05 03:52:57,True,0,304
"b'RT @TheUndefeated: ""Let\'s normalize working mothers and all that they have to do to make it happen."" \xf0\x9f\x97\xa3\xef\xb8\x8f\xf0\x9f\x97\xa3\xef\xb8\x8f\xf0\x9f\x97\xa3\xef\xb8\x8f \n\n@sportsiren\'s report on Arizo\xe2\x80\xa6'",1378917432245374978,2021-04-05 03:48:29,True,0,304
"b'RT @TheUndefeated: ""Let\'s normalize working mothers and all that they have to do to make it happen."" \xf0\x9f\x97\xa3\xef\xb8\x8f\xf0\x9f\x97\xa3\xef\xb8\x8f\xf0\x9f\x97\xa3\xef\xb8\x8f \n\n@sportsiren\'s report on Arizo\xe2\x80\xa6'",1378914883161387008,2021-04-05 03:38:21,True,0,304
"b'Let\xe2\x80\x99s normalize working mothers pumping milk  at all jobs, so it doesn\xe2\x80\x99t have to be a headline or taboo. \xe2\x80\x9cArizona C\xe2\x80\xa6 https://t.co/paIjojkVjx'",1378914012109418497,2021-04-05 03:34:54,False,0,0
"b'RT @TheUndefeated: ""Let\'s normalize working mothers and all that they have to do to make it happen."" \xf0\x9f\x97\xa3\xef\xb8\x8f\xf0\x9f\x97\xa3\xef\xb8\x8f\xf0\x9f\x97\xa3\xef\xb8\x8f \n\n@sportsiren\'s report on Arizo\xe2\x80\xa6'",1378913859747119104,2021-04-05 03:34:17,True,0,304
"b'RT @TheUndefeated: ""Let\'s normalize working mothers and all that they have to do to make it happen."" \xf0\x9f\x97\xa3\xef\xb8\x8f\xf0\x9f\x97\xa3\xef\xb8\x8f\xf0\x9f\x97\xa3\xef\xb8\x8f \n\n@sportsiren\'s report on Arizo\xe2\x80\xa6'",1378913125815119872,2021-04-05 03:31:22,True,0,304
"b'RT @TheUndefeated: ""Let\'s normalize working mothers and all that they have to do to make it happen."" \xf0\x9f\x97\xa3\xef\xb8\x8f\xf0\x9f\x97\xa3\xef\xb8\x8f\xf0\x9f\x97\xa3\xef\xb8\x8f \n\n@sportsiren\'s report on Arizo\xe2\x80\xa6'",1378910935708880898,2021-04-05 03:22:40,True,0,304
"b'RT @TheUndefeated: ""Let\'s normalize working mothers and all that they have to do to make it happen."" \xf0\x9f\x97\xa3\xef\xb8\x8f\xf0\x9f\x97\xa3\xef\xb8\x8f\xf0\x9f\x97\xa3\xef\xb8\x8f \n\n@sportsiren\'s report on Arizo\xe2\x80\xa6'",1378909121622253568,2021-04-05 03:15:28,True,0,304
"b'RT @TheUndefeated: ""Let\'s normalize working mothers and all that they have to do to make it happen."" \xf0\x9f\x97\xa3\xef\xb8\x8f\xf0\x9f\x97\xa3\xef\xb8\x8f\xf0\x9f\x97\xa3\xef\xb8\x8f \n\n@sportsiren\'s report on Arizo\xe2\x80\xa6'",1378908329351712770,2021-04-05 03:12:19,True,0,304
"b'RT @TheUndefeated: ""Let\'s normalize working mothers and all that they have to do to make it happen."" \xf0\x9f\x97\xa3\xef\xb8\x8f\xf0\x9f\x97\xa3\xef\xb8\x8f\xf0\x9f\x97\xa3\xef\xb8\x8f \n\n@sportsiren\'s report on Arizo\xe2\x80\xa6'",1378907742547673093,2021-04-05 03:09:59,True,0,304
"b'RT @TheUndefeated: ""Let\'s normalize working mothers and all that they have to do to make it happen."" \xf0\x9f\x97\xa3\xef\xb8\x8f\xf0\x9f\x97\xa3\xef\xb8\x8f\xf0\x9f\x97\xa3\xef\xb8\x8f \n\n@sportsiren\'s report on Arizo\xe2\x80\xa6'",1378905137985376258,2021-04-05 02:59:38,True,0,304
"b'RT @TheUndefeated: ""Let\'s normalize working mothers and all that they have to do to make it happen."" \xf0\x9f\x97\xa3\xef\xb8\x8f\xf0\x9f\x97\xa3\xef\xb8\x8f\xf0\x9f\x97\xa3\xef\xb8\x8f \n\n@sportsiren\'s report on Arizo\xe2\x80\xa6'",1378904629497446400,2021-04-05 02:57:37,True,0,304
"b'RT @TheUndefeated: ""Let\'s normalize working mothers and all that they have to do to make it happen."" \xf0\x9f\x97\xa3\xef\xb8\x8f\xf0\x9f\x97\xa3\xef\xb8\x8f\xf0\x9f\x97\xa3\xef\xb8\x8f \n\n@sportsiren\'s report on Arizo\xe2\x80\xa6'",1378903177236525063,2021-04-05 02:51:50,True,0,304
"b'RT @TheUndefeated: ""Let\'s normalize working mothers and all that they have to do to make it happen."" \xf0\x9f\x97\xa3\xef\xb8\x8f\xf0\x9f\x97\xa3\xef\xb8\x8f\xf0\x9f\x97\xa3\xef\xb8\x8f \n\n@sportsiren\'s report on Arizo\xe2\x80\xa6'",1378903152112455683,2021-04-05 02:51:44,True,0,304
"b'RT @TheUndefeated: ""Let\'s normalize working mothers and all that they have to do to make it happen."" \xf0\x9f\x97\xa3\xef\xb8\x8f\xf0\x9f\x97\xa3\xef\xb8\x8f\xf0\x9f\x97\xa3\xef\xb8\x8f \n\n@sportsiren\'s report on Arizo\xe2\x80\xa6'",1378902922570969091,2021-04-05 02:50:50,True,0,304
"b'RT @TheUndefeated: ""Let\'s normalize working mothers and all that they have to do to make it happen."" \xf0\x9f\x97\xa3\xef\xb8\x8f\xf0\x9f\x97\xa3\xef\xb8\x8f\xf0\x9f\x97\xa3\xef\xb8\x8f \n\n@sportsiren\'s report on Arizo\xe2\x80\xa6'",1378902912236142596,2021-04-05 02:50:47,True,0,304
"b'RT @TheUndefeated: ""Let\'s normalize working mothers and all that they have to do to make it happen."" \xf0\x9f\x97\xa3\xef\xb8\x8f\xf0\x9f\x97\xa3\xef\xb8\x8f\xf0\x9f\x97\xa3\xef\xb8\x8f \n\n@sportsiren\'s report on Arizo\xe2\x80\xa6'",1378902785106792449,2021-04-05 02:50:17,True,0,304
"b'RT @TheUndefeated: ""Let\'s normalize working mothers and all that they have to do to make it happen."" \xf0\x9f\x97\xa3\xef\xb8\x8f\xf0\x9f\x97\xa3\xef\xb8\x8f\xf0\x9f\x97\xa3\xef\xb8\x8f \n\n@sportsiren\'s report on Arizo\xe2\x80\xa6'",1378902351260581889,2021-04-05 02:48:33,True,0,304
"b'RT @TheUndefeated: ""Let\'s normalize working mothers and all that they have to do to make it happen."" \xf0\x9f\x97\xa3\xef\xb8\x8f\xf0\x9f\x97\xa3\xef\xb8\x8f\xf0\x9f\x97\xa3\xef\xb8\x8f \n\n@sportsiren\'s report on Arizo\xe2\x80\xa6'",1378901665416273922,2021-04-05 02:45:50,True,0,304
"b'RT @TheUndefeated: ""Let\'s normalize working mothers and all that they have to do to make it happen."" \xf0\x9f\x97\xa3\xef\xb8\x8f\xf0\x9f\x97\xa3\xef\xb8\x8f\xf0\x9f\x97\xa3\xef\xb8\x8f \n\n@sportsiren\'s report on Arizo\xe2\x80\xa6'",1378901493583994882,2021-04-05 02:45:09,True,0,304
"b'RT @TheUndefeated: ""Let\'s normalize working mothers and all that they have to do to make it happen."" \xf0\x9f\x97\xa3\xef\xb8\x8f\xf0\x9f\x97\xa3\xef\xb8\x8f\xf0\x9f\x97\xa3\xef\xb8\x8f \n\n@sportsiren\'s report on Arizo\xe2\x80\xa6'",1378901265804095491,2021-04-05 02:44:15,True,0,304
"b'RT @TheUndefeated: ""Let\'s normalize working mothers and all that they have to do to make it happen."" \xf0\x9f\x97\xa3\xef\xb8\x8f\xf0\x9f\x97\xa3\xef\xb8\x8f\xf0\x9f\x97\xa3\xef\xb8\x8f \n\n@sportsiren\'s report on Arizo\xe2\x80\xa6'",1378900853306839041,2021-04-05 02:42:36,True,0,304
"b'RT @TheUndefeated: ""Let\'s normalize working mothers and all that they have to do to make it happen."" \xf0\x9f\x97\xa3\xef\xb8\x8f\xf0\x9f\x97\xa3\xef\xb8\x8f\xf0\x9f\x97\xa3\xef\xb8\x8f \n\n@sportsiren\'s report on Arizo\xe2\x80\xa6'",1378899003614625795,2021-04-05 02:35:15,True,0,304
"b'RT @TheUndefeated: ""Let\'s normalize working mothers and all that they have to do to make it happen."" \xf0\x9f\x97\xa3\xef\xb8\x8f\xf0\x9f\x97\xa3\xef\xb8\x8f\xf0\x9f\x97\xa3\xef\xb8\x8f \n\n@sportsiren\'s report on Arizo\xe2\x80\xa6'",1378898655437058052,2021-04-05 02:33:52,True,0,304
"b'RT @TheUndefeated: ""Let\'s normalize working mothers and all that they have to do to make it happen."" \xf0\x9f\x97\xa3\xef\xb8\x8f\xf0\x9f\x97\xa3\xef\xb8\x8f\xf0\x9f\x97\xa3\xef\xb8\x8f \n\n@sportsiren\'s report on Arizo\xe2\x80\xa6'",1378898455137906691,2021-04-05 02:33:05,True,0,304
"b'RT @TheUndefeated: ""Let\'s normalize working mothers and all that they have to do to make it happen."" \xf0\x9f\x97\xa3\xef\xb8\x8f\xf0\x9f\x97\xa3\xef\xb8\x8f\xf0\x9f\x97\xa3\xef\xb8\x8f \n\n@sportsiren\'s report on Arizo\xe2\x80\xa6'",1378898309180485633,2021-04-05 02:32:30,True,0,304
"b'RT @TheUndefeated: ""Let\'s normalize working mothers and all that they have to do to make it happen."" \xf0\x9f\x97\xa3\xef\xb8\x8f\xf0\x9f\x97\xa3\xef\xb8\x8f\xf0\x9f\x97\xa3\xef\xb8\x8f \n\n@sportsiren\'s report on Arizo\xe2\x80\xa6'",1378896049625038853,2021-04-05 02:23:31,True,0,304
"b'RT @TheUndefeated: ""Let\'s normalize working mothers and all that they have to do to make it happen."" \xf0\x9f\x97\xa3\xef\xb8\x8f\xf0\x9f\x97\xa3\xef\xb8\x8f\xf0\x9f\x97\xa3\xef\xb8\x8f \n\n@sportsiren\'s report on Arizo\xe2\x80\xa6'",1378894991490224130,2021-04-05 02:19:19,True,0,304
"b'RT @TheUndefeated: ""Let\'s normalize working mothers and all that they have to do to make it happen."" \xf0\x9f\x97\xa3\xef\xb8\x8f\xf0\x9f\x97\xa3\xef\xb8\x8f\xf0\x9f\x97\xa3\xef\xb8\x8f \n\n@sportsiren\'s report on Arizo\xe2\x80\xa6'",1378893675011342338,2021-04-05 02:14:05,True,0,304
b'RT @SeifertESPN: \xe2\x80\x9cLet\xe2\x80\x99s normalize working mothers and all that they have to do to make it happen.\xe2\x80\x9d Tremendous report from @sportsiren on Ar\xe2\x80\xa6',1378892423355461632,2021-04-05 02:09:06,True,0,35
"b'RT @TheUndefeated: ""Let\'s normalize working mothers and all that they have to do to make it happen."" \xf0\x9f\x97\xa3\xef\xb8\x8f\xf0\x9f\x97\xa3\xef\xb8\x8f\xf0\x9f\x97\xa3\xef\xb8\x8f \n\n@sportsiren\'s report on Arizo\xe2\x80\xa6'",1378892238000885762,2021-04-05 02:08:22,True,0,304
"b'RT @TheUndefeated: ""Let\'s normalize working mothers and all that they have to do to make it happen."" \xf0\x9f\x97\xa3\xef\xb8\x8f\xf0\x9f\x97\xa3\xef\xb8\x8f\xf0\x9f\x97\xa3\xef\xb8\x8f \n\n@sportsiren\'s report on Arizo\xe2\x80\xa6'",1378892040361025542,2021-04-05 02:07:35,True,0,304
b'It\xe2\x80\x99s Stanford women for the win!\xc2\xa0\xc2\xa0But props are owed to Arizona coach &amp; new mom Adia Barnes.\xc2\xa0\xc2\xa0\n\nAs the announcer sa\xe2\x80\xa6 https://t.co/gJhRfrqCNG',1378888028446289920,2021-04-05 01:51:39,False,60,3
"b'RT @TheUndefeated: ""Let\'s normalize working mothers and all that they have to do to make it happen."" \xf0\x9f\x97\xa3\xef\xb8\x8f\xf0\x9f\x97\xa3\xef\xb8\x8f\xf0\x9f\x97\xa3\xef\xb8\x8f \n\n@sportsiren\'s report on Arizo\xe2\x80\xa6'",1378887843741720576,2021-04-05 01:50:55,True,0,304
"b'RT @TheUndefeated: ""Let\'s normalize working mothers and all that they have to do to make it happen."" \xf0\x9f\x97\xa3\xef\xb8\x8f\xf0\x9f\x97\xa3\xef\xb8\x8f\xf0\x9f\x97\xa3\xef\xb8\x8f \n\n@sportsiren\'s report on Arizo\xe2\x80\xa6'",1378887746144645122,2021-04-05 01:50:31,True,0,304
"b'RT @TheUndefeated: ""Let\'s normalize working mothers and all that they have to do to make it happen."" \xf0\x9f\x97\xa3\xef\xb8\x8f\xf0\x9f\x97\xa3\xef\xb8\x8f\xf0\x9f\x97\xa3\xef\xb8\x8f \n\n@sportsiren\'s report on Arizo\xe2\x80\xa6'",1378885493698523138,2021-04-05 01:41:34,True,0,304
"b'RT @TheUndefeated: ""Let\'s normalize working mothers and all that they have to do to make it happen."" \xf0\x9f\x97\xa3\xef\xb8\x8f\xf0\x9f\x97\xa3\xef\xb8\x8f\xf0\x9f\x97\xa3\xef\xb8\x8f \n\n@sportsiren\'s report on Arizo\xe2\x80\xa6'",1378885402816303104,2021-04-05 01:41:13,True,0,304
"b'RT @TheUndefeated: ""Let\'s normalize working mothers and all that they have to do to make it happen."" \xf0\x9f\x97\xa3\xef\xb8\x8f\xf0\x9f\x97\xa3\xef\xb8\x8f\xf0\x9f\x97\xa3\xef\xb8\x8f \n\n@sportsiren\'s report on Arizo\xe2\x80\xa6'",1378885172842598400,2021-04-05 01:40:18,True,0,304
"b'RT @TheUndefeated: ""Let\'s normalize working mothers and all that they have to do to make it happen."" \xf0\x9f\x97\xa3\xef\xb8\x8f\xf0\x9f\x97\xa3\xef\xb8\x8f\xf0\x9f\x97\xa3\xef\xb8\x8f \n\n@sportsiren\'s report on Arizo\xe2\x80\xa6'",1378884873264496646,2021-04-05 01:39:06,True,0,304
"b'RT @TheUndefeated: ""Let\'s normalize working mothers and all that they have to do to make it happen."" \xf0\x9f\x97\xa3\xef\xb8\x8f\xf0\x9f\x97\xa3\xef\xb8\x8f\xf0\x9f\x97\xa3\xef\xb8\x8f \n\n@sportsiren\'s report on Arizo\xe2\x80\xa6'",1378884036190478337,2021-04-05 01:35:47,True,0,304
"b'RT @TheUndefeated: ""Let\'s normalize working mothers and all that they have to do to make it happen."" \xf0\x9f\x97\xa3\xef\xb8\x8f\xf0\x9f\x97\xa3\xef\xb8\x8f\xf0\x9f\x97\xa3\xef\xb8\x8f \n\n@sportsiren\'s report on Arizo\xe2\x80\xa6'",1378883958776111104,2021-04-05 01:35:28,True,0,304
b'RT @SeifertESPN: \xe2\x80\x9cLet\xe2\x80\x99s normalize working mothers and all that they have to do to make it happen.\xe2\x80\x9d Tremendous report from @sportsiren on Ar\xe2\x80\xa6',1378883893441478658,2021-04-05 01:35:13,True,0,35
"b'RT @TheUndefeated: ""Let\'s normalize working mothers and all that they have to do to make it happen."" \xf0\x9f\x97\xa3\xef\xb8\x8f\xf0\x9f\x97\xa3\xef\xb8\x8f\xf0\x9f\x97\xa3\xef\xb8\x8f \n\n@sportsiren\'s report on Arizo\xe2\x80\xa6'",1378882966089306114,2021-04-05 01:31:32,True,0,304
"b'RT @TheUndefeated: ""Let\'s normalize working mothers and all that they have to do to make it happen."" \xf0\x9f\x97\xa3\xef\xb8\x8f\xf0\x9f\x97\xa3\xef\xb8\x8f\xf0\x9f\x97\xa3\xef\xb8\x8f \n\n@sportsiren\'s report on Arizo\xe2\x80\xa6'",1378882812426608641,2021-04-05 01:30:55,True,0,304
"b'RT @TheUndefeated: ""Let\'s normalize working mothers and all that they have to do to make it happen."" \xf0\x9f\x97\xa3\xef\xb8\x8f\xf0\x9f\x97\xa3\xef\xb8\x8f\xf0\x9f\x97\xa3\xef\xb8\x8f \n\n@sportsiren\'s report on Arizo\xe2\x80\xa6'",1378881048583536643,2021-04-05 01:23:55,True,0,304
"b'RT @TheUndefeated: ""Let\'s normalize working mothers and all that they have to do to make it happen."" \xf0\x9f\x97\xa3\xef\xb8\x8f\xf0\x9f\x97\xa3\xef\xb8\x8f\xf0\x9f\x97\xa3\xef\xb8\x8f \n\n@sportsiren\'s report on Arizo\xe2\x80\xa6'",1378880905901600776,2021-04-05 01:23:20,True,0,304
"b'RT @TheUndefeated: ""Let\'s normalize working mothers and all that they have to do to make it happen."" \xf0\x9f\x97\xa3\xef\xb8\x8f\xf0\x9f\x97\xa3\xef\xb8\x8f\xf0\x9f\x97\xa3\xef\xb8\x8f \n\n@sportsiren\'s report on Arizo\xe2\x80\xa6'",1378880869579026437,2021-04-05 01:23:12,True,0,304
"b'RT @TheUndefeated: ""Let\'s normalize working mothers and all that they have to do to make it happen."" \xf0\x9f\x97\xa3\xef\xb8\x8f\xf0\x9f\x97\xa3\xef\xb8\x8f\xf0\x9f\x97\xa3\xef\xb8\x8f \n\n@sportsiren\'s report on Arizo\xe2\x80\xa6'",1378879811788156930,2021-04-05 01:19:00,True,0,304
"b'RT @TheUndefeated: ""Let\'s normalize working mothers and all that they have to do to make it happen."" \xf0\x9f\x97\xa3\xef\xb8\x8f\xf0\x9f\x97\xa3\xef\xb8\x8f\xf0\x9f\x97\xa3\xef\xb8\x8f \n\n@sportsiren\'s report on Arizo\xe2\x80\xa6'",1378879479163019270,2021-04-05 01:17:40,True,0,304
b'RT @SeifertESPN: \xe2\x80\x9cLet\xe2\x80\x99s normalize working mothers and all that they have to do to make it happen.\xe2\x80\x9d Tremendous report from @sportsiren on Ar\xe2\x80\xa6',1378878738708971521,2021-04-05 01:14:44,True,0,35
"b'RT @TheUndefeated: ""Let\'s normalize working mothers and all that they have to do to make it happen."" \xf0\x9f\x97\xa3\xef\xb8\x8f\xf0\x9f\x97\xa3\xef\xb8\x8f\xf0\x9f\x97\xa3\xef\xb8\x8f \n\n@sportsiren\'s report on Arizo\xe2\x80\xa6'",1378878554138624003,2021-04-05 01:14:00,True,0,304
"b'RT @TheUndefeated: ""Let\'s normalize working mothers and all that they have to do to make it happen."" \xf0\x9f\x97\xa3\xef\xb8\x8f\xf0\x9f\x97\xa3\xef\xb8\x8f\xf0\x9f\x97\xa3\xef\xb8\x8f \n\n@sportsiren\'s report on Arizo\xe2\x80\xa6'",1378877461446934532,2021-04-05 01:09:39,True,0,304
"b'RT @TheUndefeated: ""Let\'s normalize working mothers and all that they have to do to make it happen."" \xf0\x9f\x97\xa3\xef\xb8\x8f\xf0\x9f\x97\xa3\xef\xb8\x8f\xf0\x9f\x97\xa3\xef\xb8\x8f \n\n@sportsiren\'s report on Arizo\xe2\x80\xa6'",1378877109838446593,2021-04-05 01:08:15,True,0,304
"b'RT @TheUndefeated: ""Let\'s normalize working mothers and all that they have to do to make it happen."" \xf0\x9f\x97\xa3\xef\xb8\x8f\xf0\x9f\x97\xa3\xef\xb8\x8f\xf0\x9f\x97\xa3\xef\xb8\x8f \n\n@sportsiren\'s report on Arizo\xe2\x80\xa6'",1378876776315711490,2021-04-05 01:06:56,True,0,304
"b'RT @TheUndefeated: ""Let\'s normalize working mothers and all that they have to do to make it happen."" \xf0\x9f\x97\xa3\xef\xb8\x8f\xf0\x9f\x97\xa3\xef\xb8\x8f\xf0\x9f\x97\xa3\xef\xb8\x8f \n\n@sportsiren\'s report on Arizo\xe2\x80\xa6'",1378874472657195010,2021-04-05 00:57:47,True,0,304
"b'RT @TheUndefeated: ""Let\'s normalize working mothers and all that they have to do to make it happen."" \xf0\x9f\x97\xa3\xef\xb8\x8f\xf0\x9f\x97\xa3\xef\xb8\x8f\xf0\x9f\x97\xa3\xef\xb8\x8f \n\n@sportsiren\'s report on Arizo\xe2\x80\xa6'",1378873923119484930,2021-04-05 00:55:36,True,0,304
"b'RT @TheUndefeated: ""Let\'s normalize working mothers and all that they have to do to make it happen."" \xf0\x9f\x97\xa3\xef\xb8\x8f\xf0\x9f\x97\xa3\xef\xb8\x8f\xf0\x9f\x97\xa3\xef\xb8\x8f \n\n@sportsiren\'s report on Arizo\xe2\x80\xa6'",1378873253733666819,2021-04-05 00:52:56,True,0,304
"b'RT @TheUndefeated: ""Let\'s normalize working mothers and all that they have to do to make it happen."" \xf0\x9f\x97\xa3\xef\xb8\x8f\xf0\x9f\x97\xa3\xef\xb8\x8f\xf0\x9f\x97\xa3\xef\xb8\x8f \n\n@sportsiren\'s report on Arizo\xe2\x80\xa6'",1378873216261820417,2021-04-05 00:52:47,True,0,304
"b'RT @TheUndefeated: ""Let\'s normalize working mothers and all that they have to do to make it happen."" \xf0\x9f\x97\xa3\xef\xb8\x8f\xf0\x9f\x97\xa3\xef\xb8\x8f\xf0\x9f\x97\xa3\xef\xb8\x8f \n\n@sportsiren\'s report on Arizo\xe2\x80\xa6'",1378872459487760390,2021-04-05 00:49:47,True,0,304
"b'RT @TheUndefeated: ""Let\'s normalize working mothers and all that they have to do to make it happen."" \xf0\x9f\x97\xa3\xef\xb8\x8f\xf0\x9f\x97\xa3\xef\xb8\x8f\xf0\x9f\x97\xa3\xef\xb8\x8f \n\n@sportsiren\'s report on Arizo\xe2\x80\xa6'",1378872240473772037,2021-04-05 00:48:54,True,0,304
"b'RT @TheUndefeated: ""Let\'s normalize working mothers and all that they have to do to make it happen."" \xf0\x9f\x97\xa3\xef\xb8\x8f\xf0\x9f\x97\xa3\xef\xb8\x8f\xf0\x9f\x97\xa3\xef\xb8\x8f \n\n@sportsiren\'s report on Arizo\xe2\x80\xa6'",1378871932699951104,2021-04-05 00:47:41,True,0,304
"b'RT @TheUndefeated: ""Let\'s normalize working mothers and all that they have to do to make it happen."" \xf0\x9f\x97\xa3\xef\xb8\x8f\xf0\x9f\x97\xa3\xef\xb8\x8f\xf0\x9f\x97\xa3\xef\xb8\x8f \n\n@sportsiren\'s report on Arizo\xe2\x80\xa6'",1378871734804361227,2021-04-05 00:46:54,True,0,304
"b'RT @TheUndefeated: ""Let\'s normalize working mothers and all that they have to do to make it happen."" \xf0\x9f\x97\xa3\xef\xb8\x8f\xf0\x9f\x97\xa3\xef\xb8\x8f\xf0\x9f\x97\xa3\xef\xb8\x8f \n\n@sportsiren\'s report on Arizo\xe2\x80\xa6'",1378870947092987905,2021-04-05 00:43:46,True,0,304
"b'RT @TheUndefeated: ""Let\'s normalize working mothers and all that they have to do to make it happen."" \xf0\x9f\x97\xa3\xef\xb8\x8f\xf0\x9f\x97\xa3\xef\xb8\x8f\xf0\x9f\x97\xa3\xef\xb8\x8f \n\n@sportsiren\'s report on Arizo\xe2\x80\xa6'",1378870814615990272,2021-04-05 00:43:15,True,0,304
"b'RT @TheUndefeated: ""Let\'s normalize working mothers and all that they have to do to make it happen."" \xf0\x9f\x97\xa3\xef\xb8\x8f\xf0\x9f\x97\xa3\xef\xb8\x8f\xf0\x9f\x97\xa3\xef\xb8\x8f \n\n@sportsiren\'s report on Arizo\xe2\x80\xa6'",1378870093011107840,2021-04-05 00:40:22,True,0,304
"b'RT @TheUndefeated: ""Let\'s normalize working mothers and all that they have to do to make it happen."" \xf0\x9f\x97\xa3\xef\xb8\x8f\xf0\x9f\x97\xa3\xef\xb8\x8f\xf0\x9f\x97\xa3\xef\xb8\x8f \n\n@sportsiren\'s report on Arizo\xe2\x80\xa6'",1378869756049059843,2021-04-05 00:39:02,True,0,304
"b'RT @TheUndefeated: ""Let\'s normalize working mothers and all that they have to do to make it happen."" \xf0\x9f\x97\xa3\xef\xb8\x8f\xf0\x9f\x97\xa3\xef\xb8\x8f\xf0\x9f\x97\xa3\xef\xb8\x8f \n\n@sportsiren\'s report on Arizo\xe2\x80\xa6'",1378868653525852160,2021-04-05 00:34:39,True,0,304
"b'RT @TheUndefeated: ""Let\'s normalize working mothers and all that they have to do to make it happen."" \xf0\x9f\x97\xa3\xef\xb8\x8f\xf0\x9f\x97\xa3\xef\xb8\x8f\xf0\x9f\x97\xa3\xef\xb8\x8f \n\n@sportsiren\'s report on Arizo\xe2\x80\xa6'",1378868646089523201,2021-04-05 00:34:38,True,0,304
"b""@NicoleAuerbach @sportsiren Great pro-life, pro-family story in the middle of the Women's NCAA basketball final gam\xe2\x80\xa6 https://t.co/23SkTcgyxw""",1378868381831561216,2021-04-05 00:33:35,False,6,0
"b'RT @TheUndefeated: ""Let\'s normalize working mothers and all that they have to do to make it happen."" \xf0\x9f\x97\xa3\xef\xb8\x8f\xf0\x9f\x97\xa3\xef\xb8\x8f\xf0\x9f\x97\xa3\xef\xb8\x8f \n\n@sportsiren\'s report on Arizo\xe2\x80\xa6'",1378867961578971139,2021-04-05 00:31:54,True,0,304
"b'RT @TheUndefeated: ""Let\'s normalize working mothers and all that they have to do to make it happen."" \xf0\x9f\x97\xa3\xef\xb8\x8f\xf0\x9f\x97\xa3\xef\xb8\x8f\xf0\x9f\x97\xa3\xef\xb8\x8f \n\n@sportsiren\'s report on Arizo\xe2\x80\xa6'",1378867827227037696,2021-04-05 00:31:22,True,0,304
"b'RT @TheUndefeated: ""Let\'s normalize working mothers and all that they have to do to make it happen."" \xf0\x9f\x97\xa3\xef\xb8\x8f\xf0\x9f\x97\xa3\xef\xb8\x8f\xf0\x9f\x97\xa3\xef\xb8\x8f \n\n@sportsiren\'s report on Arizo\xe2\x80\xa6'",1378867223939399682,2021-04-05 00:28:58,True,0,304
"b'RT @TheUndefeated: ""Let\'s normalize working mothers and all that they have to do to make it happen."" \xf0\x9f\x97\xa3\xef\xb8\x8f\xf0\x9f\x97\xa3\xef\xb8\x8f\xf0\x9f\x97\xa3\xef\xb8\x8f \n\n@sportsiren\'s report on Arizo\xe2\x80\xa6'",1378866968363589634,2021-04-05 00:27:58,True,0,304
"b'RT @TheUndefeated: ""Let\'s normalize working mothers and all that they have to do to make it happen."" \xf0\x9f\x97\xa3\xef\xb8\x8f\xf0\x9f\x97\xa3\xef\xb8\x8f\xf0\x9f\x97\xa3\xef\xb8\x8f \n\n@sportsiren\'s report on Arizo\xe2\x80\xa6'",1378866932691185669,2021-04-05 00:27:49,True,0,304
"b'RT @TheUndefeated: ""Let\'s normalize working mothers and all that they have to do to make it happen."" \xf0\x9f\x97\xa3\xef\xb8\x8f\xf0\x9f\x97\xa3\xef\xb8\x8f\xf0\x9f\x97\xa3\xef\xb8\x8f \n\n@sportsiren\'s report on Arizo\xe2\x80\xa6'",1378866862897909763,2021-04-05 00:27:32,True,0,304
b'RT @SeifertESPN: \xe2\x80\x9cLet\xe2\x80\x99s normalize working mothers and all that they have to do to make it happen.\xe2\x80\x9d Tremendous report from @sportsiren on Ar\xe2\x80\xa6',1378866700423102466,2021-04-05 00:26:54,True,0,35
"b'RT @TheUndefeated: ""Let\'s normalize working mothers and all that they have to do to make it happen."" \xf0\x9f\x97\xa3\xef\xb8\x8f\xf0\x9f\x97\xa3\xef\xb8\x8f\xf0\x9f\x97\xa3\xef\xb8\x8f \n\n@sportsiren\'s report on Arizo\xe2\x80\xa6'",1378866547704221697,2021-04-05 00:26:17,True,0,304
"b'RT @TheUndefeated: ""Let\'s normalize working mothers and all that they have to do to make it happen."" \xf0\x9f\x97\xa3\xef\xb8\x8f\xf0\x9f\x97\xa3\xef\xb8\x8f\xf0\x9f\x97\xa3\xef\xb8\x8f \n\n@sportsiren\'s report on Arizo\xe2\x80\xa6'",1378866531908648961,2021-04-05 00:26:13,True,0,304
"b'RT @TheUndefeated: ""Let\'s normalize working mothers and all that they have to do to make it happen."" \xf0\x9f\x97\xa3\xef\xb8\x8f\xf0\x9f\x97\xa3\xef\xb8\x8f\xf0\x9f\x97\xa3\xef\xb8\x8f \n\n@sportsiren\'s report on Arizo\xe2\x80\xa6'",1378866318590365697,2021-04-05 00:25:23,True,0,304
"b'RT @TheUndefeated: ""Let\'s normalize working mothers and all that they have to do to make it happen."" \xf0\x9f\x97\xa3\xef\xb8\x8f\xf0\x9f\x97\xa3\xef\xb8\x8f\xf0\x9f\x97\xa3\xef\xb8\x8f \n\n@sportsiren\'s report on Arizo\xe2\x80\xa6'",1378865805526507525,2021-04-05 00:23:20,True,0,304
"b'RT @TheUndefeated: ""Let\'s normalize working mothers and all that they have to do to make it happen."" \xf0\x9f\x97\xa3\xef\xb8\x8f\xf0\x9f\x97\xa3\xef\xb8\x8f\xf0\x9f\x97\xa3\xef\xb8\x8f \n\n@sportsiren\'s report on Arizo\xe2\x80\xa6'",1378865687628775430,2021-04-05 00:22:52,True,0,304
"b'RT @TheUndefeated: ""Let\'s normalize working mothers and all that they have to do to make it happen."" \xf0\x9f\x97\xa3\xef\xb8\x8f\xf0\x9f\x97\xa3\xef\xb8\x8f\xf0\x9f\x97\xa3\xef\xb8\x8f \n\n@sportsiren\'s report on Arizo\xe2\x80\xa6'",1378865562336432128,2021-04-05 00:22:22,True,0,304
"b'RT @TheUndefeated: ""Let\'s normalize working mothers and all that they have to do to make it happen."" \xf0\x9f\x97\xa3\xef\xb8\x8f\xf0\x9f\x97\xa3\xef\xb8\x8f\xf0\x9f\x97\xa3\xef\xb8\x8f \n\n@sportsiren\'s report on Arizo\xe2\x80\xa6'",1378865237475131401,2021-04-05 00:21:05,True,0,304
"b'RT @TheUndefeated: ""Let\'s normalize working mothers and all that they have to do to make it happen."" \xf0\x9f\x97\xa3\xef\xb8\x8f\xf0\x9f\x97\xa3\xef\xb8\x8f\xf0\x9f\x97\xa3\xef\xb8\x8f \n\n@sportsiren\'s report on Arizo\xe2\x80\xa6'",1378865103613923331,2021-04-05 00:20:33,True,0,304
"b'RT @TheUndefeated: ""Let\'s normalize working mothers and all that they have to do to make it happen."" \xf0\x9f\x97\xa3\xef\xb8\x8f\xf0\x9f\x97\xa3\xef\xb8\x8f\xf0\x9f\x97\xa3\xef\xb8\x8f \n\n@sportsiren\'s report on Arizo\xe2\x80\xa6'",1378865101210595334,2021-04-05 00:20:32,True,0,304
"b'RT @TheUndefeated: ""Let\'s normalize working mothers and all that they have to do to make it happen."" \xf0\x9f\x97\xa3\xef\xb8\x8f\xf0\x9f\x97\xa3\xef\xb8\x8f\xf0\x9f\x97\xa3\xef\xb8\x8f \n\n@sportsiren\'s report on Arizo\xe2\x80\xa6'",1378864923275636739,2021-04-05 00:19:50,True,0,304
"b'RT @TheUndefeated: ""Let\'s normalize working mothers and all that they have to do to make it happen."" \xf0\x9f\x97\xa3\xef\xb8\x8f\xf0\x9f\x97\xa3\xef\xb8\x8f\xf0\x9f\x97\xa3\xef\xb8\x8f \n\n@sportsiren\'s report on Arizo\xe2\x80\xa6'",1378864841331404801,2021-04-05 00:19:30,True,0,304
"b'RT @TheUndefeated: ""Let\'s normalize working mothers and all that they have to do to make it happen."" \xf0\x9f\x97\xa3\xef\xb8\x8f\xf0\x9f\x97\xa3\xef\xb8\x8f\xf0\x9f\x97\xa3\xef\xb8\x8f \n\n@sportsiren\'s report on Arizo\xe2\x80\xa6'",1378864727326040065,2021-04-05 00:19:03,True,0,304
"b'RT @TheUndefeated: ""Let\'s normalize working mothers and all that they have to do to make it happen."" \xf0\x9f\x97\xa3\xef\xb8\x8f\xf0\x9f\x97\xa3\xef\xb8\x8f\xf0\x9f\x97\xa3\xef\xb8\x8f \n\n@sportsiren\'s report on Arizo\xe2\x80\xa6'",1378864283535212544,2021-04-05 00:17:17,True,0,304
"b'RT @TheUndefeated: ""Let\'s normalize working mothers and all that they have to do to make it happen."" \xf0\x9f\x97\xa3\xef\xb8\x8f\xf0\x9f\x97\xa3\xef\xb8\x8f\xf0\x9f\x97\xa3\xef\xb8\x8f \n\n@sportsiren\'s report on Arizo\xe2\x80\xa6'",1378863638153371651,2021-04-05 00:14:44,True,0,304
"b'RT @TheUndefeated: ""Let\'s normalize working mothers and all that they have to do to make it happen."" \xf0\x9f\x97\xa3\xef\xb8\x8f\xf0\x9f\x97\xa3\xef\xb8\x8f\xf0\x9f\x97\xa3\xef\xb8\x8f \n\n@sportsiren\'s report on Arizo\xe2\x80\xa6'",1378863568720814082,2021-04-05 00:14:27,True,0,304
"b'RT @TheUndefeated: ""Let\'s normalize working mothers and all that they have to do to make it happen."" \xf0\x9f\x97\xa3\xef\xb8\x8f\xf0\x9f\x97\xa3\xef\xb8\x8f\xf0\x9f\x97\xa3\xef\xb8\x8f \n\n@sportsiren\'s report on Arizo\xe2\x80\xa6'",1378863479369691139,2021-04-05 00:14:06,True,0,304
"b'RT @TheUndefeated: ""Let\'s normalize working mothers and all that they have to do to make it happen."" \xf0\x9f\x97\xa3\xef\xb8\x8f\xf0\x9f\x97\xa3\xef\xb8\x8f\xf0\x9f\x97\xa3\xef\xb8\x8f \n\n@sportsiren\'s report on Arizo\xe2\x80\xa6'",1378863377452204032,2021-04-05 00:13:41,True,0,304
"b'RT @TheUndefeated: ""Let\'s normalize working mothers and all that they have to do to make it happen."" \xf0\x9f\x97\xa3\xef\xb8\x8f\xf0\x9f\x97\xa3\xef\xb8\x8f\xf0\x9f\x97\xa3\xef\xb8\x8f \n\n@sportsiren\'s report on Arizo\xe2\x80\xa6'",1378863345063845889,2021-04-05 00:13:34,True,0,304
"b'RT @TheUndefeated: ""Let\'s normalize working mothers and all that they have to do to make it happen."" \xf0\x9f\x97\xa3\xef\xb8\x8f\xf0\x9f\x97\xa3\xef\xb8\x8f\xf0\x9f\x97\xa3\xef\xb8\x8f \n\n@sportsiren\'s report on Arizo\xe2\x80\xa6'",1378863318455230466,2021-04-05 00:13:27,True,0,304
"b'RT @TheUndefeated: ""Let\'s normalize working mothers and all that they have to do to make it happen."" \xf0\x9f\x97\xa3\xef\xb8\x8f\xf0\x9f\x97\xa3\xef\xb8\x8f\xf0\x9f\x97\xa3\xef\xb8\x8f \n\n@sportsiren\'s report on Arizo\xe2\x80\xa6'",1378863203220815874,2021-04-05 00:13:00,True,0,304
"b'RT @TheUndefeated: ""Let\'s normalize working mothers and all that they have to do to make it happen."" \xf0\x9f\x97\xa3\xef\xb8\x8f\xf0\x9f\x97\xa3\xef\xb8\x8f\xf0\x9f\x97\xa3\xef\xb8\x8f \n\n@sportsiren\'s report on Arizo\xe2\x80\xa6'",1378863168080986115,2021-04-05 00:12:51,True,0,304
"b'RT @TheUndefeated: ""Let\'s normalize working mothers and all that they have to do to make it happen."" \xf0\x9f\x97\xa3\xef\xb8\x8f\xf0\x9f\x97\xa3\xef\xb8\x8f\xf0\x9f\x97\xa3\xef\xb8\x8f \n\n@sportsiren\'s report on Arizo\xe2\x80\xa6'",1378863148372000771,2021-04-05 00:12:47,True,0,304
"b'RT @TheUndefeated: ""Let\'s normalize working mothers and all that they have to do to make it happen."" \xf0\x9f\x97\xa3\xef\xb8\x8f\xf0\x9f\x97\xa3\xef\xb8\x8f\xf0\x9f\x97\xa3\xef\xb8\x8f \n\n@sportsiren\'s report on Arizo\xe2\x80\xa6'",1378862841306943488,2021-04-05 00:11:34,True,0,304
"b'RT @TheUndefeated: ""Let\'s normalize working mothers and all that they have to do to make it happen."" \xf0\x9f\x97\xa3\xef\xb8\x8f\xf0\x9f\x97\xa3\xef\xb8\x8f\xf0\x9f\x97\xa3\xef\xb8\x8f \n\n@sportsiren\'s report on Arizo\xe2\x80\xa6'",1378861035025747974,2021-04-05 00:04:23,True,0,304
b'RT @SeifertESPN: \xe2\x80\x9cLet\xe2\x80\x99s normalize working mothers and all that they have to do to make it happen.\xe2\x80\x9d Tremendous report from @sportsiren on Ar\xe2\x80\xa6',1378860928108785664,2021-04-05 00:03:57,True,0,35
"b'RT @TheUndefeated: ""Let\'s normalize working mothers and all that they have to do to make it happen."" \xf0\x9f\x97\xa3\xef\xb8\x8f\xf0\x9f\x97\xa3\xef\xb8\x8f\xf0\x9f\x97\xa3\xef\xb8\x8f \n\n@sportsiren\'s report on Arizo\xe2\x80\xa6'",1378860767592787972,2021-04-05 00:03:19,True,0,304
"b'RT @TheUndefeated: ""Let\'s normalize working mothers and all that they have to do to make it happen."" \xf0\x9f\x97\xa3\xef\xb8\x8f\xf0\x9f\x97\xa3\xef\xb8\x8f\xf0\x9f\x97\xa3\xef\xb8\x8f \n\n@sportsiren\'s report on Arizo\xe2\x80\xa6'",1378860331406086146,2021-04-05 00:01:35,True,0,304
"b'RT @TheUndefeated: ""Let\'s normalize working mothers and all that they have to do to make it happen."" \xf0\x9f\x97\xa3\xef\xb8\x8f\xf0\x9f\x97\xa3\xef\xb8\x8f\xf0\x9f\x97\xa3\xef\xb8\x8f \n\n@sportsiren\'s report on Arizo\xe2\x80\xa6'",1378860259335344128,2021-04-05 00:01:18,True,0,304
"b'RT @TheUndefeated: ""Let\'s normalize working mothers and all that they have to do to make it happen."" \xf0\x9f\x97\xa3\xef\xb8\x8f\xf0\x9f\x97\xa3\xef\xb8\x8f\xf0\x9f\x97\xa3\xef\xb8\x8f \n\n@sportsiren\'s report on Arizo\xe2\x80\xa6'",1378860183372361730,2021-04-05 00:01:00,True,0,304
"b'RT @TheUndefeated: ""Let\'s normalize working mothers and all that they have to do to make it happen."" \xf0\x9f\x97\xa3\xef\xb8\x8f\xf0\x9f\x97\xa3\xef\xb8\x8f\xf0\x9f\x97\xa3\xef\xb8\x8f \n\n@sportsiren\'s report on Arizo\xe2\x80\xa6'",1378860166729326594,2021-04-05 00:00:56,True,0,304
"b'RT @TheUndefeated: ""Let\'s normalize working mothers and all that they have to do to make it happen."" \xf0\x9f\x97\xa3\xef\xb8\x8f\xf0\x9f\x97\xa3\xef\xb8\x8f\xf0\x9f\x97\xa3\xef\xb8\x8f \n\n@sportsiren\'s report on Arizo\xe2\x80\xa6'",1378860128376655872,2021-04-05 00:00:47,True,0,304
"b'RT @TheUndefeated: ""Let\'s normalize working mothers and all that they have to do to make it happen."" \xf0\x9f\x97\xa3\xef\xb8\x8f\xf0\x9f\x97\xa3\xef\xb8\x8f\xf0\x9f\x97\xa3\xef\xb8\x8f \n\n@sportsiren\'s report on Arizo\xe2\x80\xa6'",1378860079785590784,2021-04-05 00:00:35,True,0,304
"b'RT @TheUndefeated: ""Let\'s normalize working mothers and all that they have to do to make it happen."" \xf0\x9f\x97\xa3\xef\xb8\x8f\xf0\x9f\x97\xa3\xef\xb8\x8f\xf0\x9f\x97\xa3\xef\xb8\x8f \n\n@sportsiren\'s report on Arizo\xe2\x80\xa6'",1378859963972517889,2021-04-05 00:00:08,True,0,304
"b'RT @TheUndefeated: ""Let\'s normalize working mothers and all that they have to do to make it happen."" \xf0\x9f\x97\xa3\xef\xb8\x8f\xf0\x9f\x97\xa3\xef\xb8\x8f\xf0\x9f\x97\xa3\xef\xb8\x8f \n\n@sportsiren\'s report on Arizo\xe2\x80\xa6'",1378859787484598276,2021-04-04 23:59:25,True,0,304
"b'RT @TheUndefeated: ""Let\'s normalize working mothers and all that they have to do to make it happen."" \xf0\x9f\x97\xa3\xef\xb8\x8f\xf0\x9f\x97\xa3\xef\xb8\x8f\xf0\x9f\x97\xa3\xef\xb8\x8f \n\n@sportsiren\'s report on Arizo\xe2\x80\xa6'",1378859689157537794,2021-04-04 23:59:02,True,0,304
"b'RT @TheUndefeated: ""Let\'s normalize working mothers and all that they have to do to make it happen."" \xf0\x9f\x97\xa3\xef\xb8\x8f\xf0\x9f\x97\xa3\xef\xb8\x8f\xf0\x9f\x97\xa3\xef\xb8\x8f \n\n@sportsiren\'s report on Arizo\xe2\x80\xa6'",1378859508571594755,2021-04-04 23:58:19,True,0,304
"b'RT @TheUndefeated: ""Let\'s normalize working mothers and all that they have to do to make it happen."" \xf0\x9f\x97\xa3\xef\xb8\x8f\xf0\x9f\x97\xa3\xef\xb8\x8f\xf0\x9f\x97\xa3\xef\xb8\x8f \n\n@sportsiren\'s report on Arizo\xe2\x80\xa6'",1378859342229876738,2021-04-04 23:57:39,True,0,304
"b'RT @TheUndefeated: ""Let\'s normalize working mothers and all that they have to do to make it happen."" \xf0\x9f\x97\xa3\xef\xb8\x8f\xf0\x9f\x97\xa3\xef\xb8\x8f\xf0\x9f\x97\xa3\xef\xb8\x8f \n\n@sportsiren\'s report on Arizo\xe2\x80\xa6'",1378859330624184322,2021-04-04 23:57:37,True,0,304
"b'RT @TheUndefeated: ""Let\'s normalize working mothers and all that they have to do to make it happen."" \xf0\x9f\x97\xa3\xef\xb8\x8f\xf0\x9f\x97\xa3\xef\xb8\x8f\xf0\x9f\x97\xa3\xef\xb8\x8f \n\n@sportsiren\'s report on Arizo\xe2\x80\xa6'",1378859287460544513,2021-04-04 23:57:26,True,0,304
"b'RT @TheUndefeated: ""Let\'s normalize working mothers and all that they have to do to make it happen."" \xf0\x9f\x97\xa3\xef\xb8\x8f\xf0\x9f\x97\xa3\xef\xb8\x8f\xf0\x9f\x97\xa3\xef\xb8\x8f \n\n@sportsiren\'s report on Arizo\xe2\x80\xa6'",1378859239863676928,2021-04-04 23:57:15,True,0,304
"b'RT @TheUndefeated: ""Let\'s normalize working mothers and all that they have to do to make it happen."" \xf0\x9f\x97\xa3\xef\xb8\x8f\xf0\x9f\x97\xa3\xef\xb8\x8f\xf0\x9f\x97\xa3\xef\xb8\x8f \n\n@sportsiren\'s report on Arizo\xe2\x80\xa6'",1378859200302972933,2021-04-04 23:57:05,True,0,304
"b'RT @TheUndefeated: ""Let\'s normalize working mothers and all that they have to do to make it happen."" \xf0\x9f\x97\xa3\xef\xb8\x8f\xf0\x9f\x97\xa3\xef\xb8\x8f\xf0\x9f\x97\xa3\xef\xb8\x8f \n\n@sportsiren\'s report on Arizo\xe2\x80\xa6'",1378859190169579520,2021-04-04 23:57:03,True,0,304
"b'RT @TheUndefeated: ""Let\'s normalize working mothers and all that they have to do to make it happen."" \xf0\x9f\x97\xa3\xef\xb8\x8f\xf0\x9f\x97\xa3\xef\xb8\x8f\xf0\x9f\x97\xa3\xef\xb8\x8f \n\n@sportsiren\'s report on Arizo\xe2\x80\xa6'",1378859177695703050,2021-04-04 23:57:00,True,0,304
"b'RT @TheUndefeated: ""Let\'s normalize working mothers and all that they have to do to make it happen."" \xf0\x9f\x97\xa3\xef\xb8\x8f\xf0\x9f\x97\xa3\xef\xb8\x8f\xf0\x9f\x97\xa3\xef\xb8\x8f \n\n@sportsiren\'s report on Arizo\xe2\x80\xa6'",1378859152009728016,2021-04-04 23:56:54,True,0,304
b'RT @SeifertESPN: \xe2\x80\x9cLet\xe2\x80\x99s normalize working mothers and all that they have to do to make it happen.\xe2\x80\x9d Tremendous report from @sportsiren on Ar\xe2\x80\xa6',1378859141947654145,2021-04-04 23:56:52,True,0,35
"b'RT @TheUndefeated: ""Let\'s normalize working mothers and all that they have to do to make it happen."" \xf0\x9f\x97\xa3\xef\xb8\x8f\xf0\x9f\x97\xa3\xef\xb8\x8f\xf0\x9f\x97\xa3\xef\xb8\x8f \n\n@sportsiren\'s report on Arizo\xe2\x80\xa6'",1378859132237848577,2021-04-04 23:56:49,True,0,304
"b'RT @TheUndefeated: ""Let\'s normalize working mothers and all that they have to do to make it happen."" \xf0\x9f\x97\xa3\xef\xb8\x8f\xf0\x9f\x97\xa3\xef\xb8\x8f\xf0\x9f\x97\xa3\xef\xb8\x8f \n\n@sportsiren\'s report on Arizo\xe2\x80\xa6'",1378859124079820802,2021-04-04 23:56:47,True,0,304
"b'RT @TheUndefeated: ""Let\'s normalize working mothers and all that they have to do to make it happen."" \xf0\x9f\x97\xa3\xef\xb8\x8f\xf0\x9f\x97\xa3\xef\xb8\x8f\xf0\x9f\x97\xa3\xef\xb8\x8f \n\n@sportsiren\'s report on Arizo\xe2\x80\xa6'",1378859044488814598,2021-04-04 23:56:28,True,0,304
"b'RT @TheUndefeated: ""Let\'s normalize working mothers and all that they have to do to make it happen."" \xf0\x9f\x97\xa3\xef\xb8\x8f\xf0\x9f\x97\xa3\xef\xb8\x8f\xf0\x9f\x97\xa3\xef\xb8\x8f \n\n@sportsiren\'s report on Arizo\xe2\x80\xa6'",1378859001916620800,2021-04-04 23:56:18,True,0,304
"b'RT @TheUndefeated: ""Let\'s normalize working mothers and all that they have to do to make it happen."" \xf0\x9f\x97\xa3\xef\xb8\x8f\xf0\x9f\x97\xa3\xef\xb8\x8f\xf0\x9f\x97\xa3\xef\xb8\x8f \n\n@sportsiren\'s report on Arizo\xe2\x80\xa6'",1378858985239896066,2021-04-04 23:56:14,True,0,304
"b'RT @TheUndefeated: ""Let\'s normalize working mothers and all that they have to do to make it happen."" \xf0\x9f\x97\xa3\xef\xb8\x8f\xf0\x9f\x97\xa3\xef\xb8\x8f\xf0\x9f\x97\xa3\xef\xb8\x8f \n\n@sportsiren\'s report on Arizo\xe2\x80\xa6'",1378858867593900038,2021-04-04 23:55:46,True,0,304
b'RT @SeifertESPN: \xe2\x80\x9cLet\xe2\x80\x99s normalize working mothers and all that they have to do to make it happen.\xe2\x80\x9d Tremendous report from @sportsiren on Ar\xe2\x80\xa6',1378858823696449542,2021-04-04 23:55:36,True,0,35
"b'RT @TheUndefeated: ""Let\'s normalize working mothers and all that they have to do to make it happen."" \xf0\x9f\x97\xa3\xef\xb8\x8f\xf0\x9f\x97\xa3\xef\xb8\x8f\xf0\x9f\x97\xa3\xef\xb8\x8f \n\n@sportsiren\'s report on Arizo\xe2\x80\xa6'",1378858806864666631,2021-04-04 23:55:32,True,0,304
b'RT @SeifertESPN: \xe2\x80\x9cLet\xe2\x80\x99s normalize working mothers and all that they have to do to make it happen.\xe2\x80\x9d Tremendous report from @sportsiren on Ar\xe2\x80\xa6',1378858798530629639,2021-04-04 23:55:30,True,0,35
"b'RT @TheUndefeated: ""Let\'s normalize working mothers and all that they have to do to make it happen."" \xf0\x9f\x97\xa3\xef\xb8\x8f\xf0\x9f\x97\xa3\xef\xb8\x8f\xf0\x9f\x97\xa3\xef\xb8\x8f \n\n@sportsiren\'s report on Arizo\xe2\x80\xa6'",1378858765739433984,2021-04-04 23:55:22,True,0,304
"b'RT @TheUndefeated: ""Let\'s normalize working mothers and all that they have to do to make it happen."" \xf0\x9f\x97\xa3\xef\xb8\x8f\xf0\x9f\x97\xa3\xef\xb8\x8f\xf0\x9f\x97\xa3\xef\xb8\x8f \n\n@sportsiren\'s report on Arizo\xe2\x80\xa6'",1378858738036056064,2021-04-04 23:55:15,True,0,304
"b'RT @TheUndefeated: ""Let\'s normalize working mothers and all that they have to do to make it happen."" \xf0\x9f\x97\xa3\xef\xb8\x8f\xf0\x9f\x97\xa3\xef\xb8\x8f\xf0\x9f\x97\xa3\xef\xb8\x8f \n\n@sportsiren\'s report on Arizo\xe2\x80\xa6'",1378858737042128902,2021-04-04 23:55:15,True,0,304
"b'RT @TheUndefeated: ""Let\'s normalize working mothers and all that they have to do to make it happen."" \xf0\x9f\x97\xa3\xef\xb8\x8f\xf0\x9f\x97\xa3\xef\xb8\x8f\xf0\x9f\x97\xa3\xef\xb8\x8f \n\n@sportsiren\'s report on Arizo\xe2\x80\xa6'",1378858723955896322,2021-04-04 23:55:12,True,0,304
"b'RT @TheUndefeated: ""Let\'s normalize working mothers and all that they have to do to make it happen."" \xf0\x9f\x97\xa3\xef\xb8\x8f\xf0\x9f\x97\xa3\xef\xb8\x8f\xf0\x9f\x97\xa3\xef\xb8\x8f \n\n@sportsiren\'s report on Arizo\xe2\x80\xa6'",1378858683619246084,2021-04-04 23:55:02,True,0,304
"b'RT @TheUndefeated: ""Let\'s normalize working mothers and all that they have to do to make it happen."" \xf0\x9f\x97\xa3\xef\xb8\x8f\xf0\x9f\x97\xa3\xef\xb8\x8f\xf0\x9f\x97\xa3\xef\xb8\x8f \n\n@sportsiren\'s report on Arizo\xe2\x80\xa6'",1378858616967553024,2021-04-04 23:54:46,True,0,304
"b'RT @TheUndefeated: ""Let\'s normalize working mothers and all that they have to do to make it happen."" \xf0\x9f\x97\xa3\xef\xb8\x8f\xf0\x9f\x97\xa3\xef\xb8\x8f\xf0\x9f\x97\xa3\xef\xb8\x8f \n\n@sportsiren\'s report on Arizo\xe2\x80\xa6'",1378858610948718593,2021-04-04 23:54:45,True,0,304
"b'RT @TheUndefeated: ""Let\'s normalize working mothers and all that they have to do to make it happen."" \xf0\x9f\x97\xa3\xef\xb8\x8f\xf0\x9f\x97\xa3\xef\xb8\x8f\xf0\x9f\x97\xa3\xef\xb8\x8f \n\n@sportsiren\'s report on Arizo\xe2\x80\xa6'",1378858596654579719,2021-04-04 23:54:42,True,0,304
"b'RT @TheUndefeated: ""Let\'s normalize working mothers and all that they have to do to make it happen."" \xf0\x9f\x97\xa3\xef\xb8\x8f\xf0\x9f\x97\xa3\xef\xb8\x8f\xf0\x9f\x97\xa3\xef\xb8\x8f \n\n@sportsiren\'s report on Arizo\xe2\x80\xa6'",1378858585589956609,2021-04-04 23:54:39,True,0,304
"b'RT @TheUndefeated: ""Let\'s normalize working mothers and all that they have to do to make it happen."" \xf0\x9f\x97\xa3\xef\xb8\x8f\xf0\x9f\x97\xa3\xef\xb8\x8f\xf0\x9f\x97\xa3\xef\xb8\x8f \n\n@sportsiren\'s report on Arizo\xe2\x80\xa6'",1378858546415173633,2021-04-04 23:54:30,True,0,304
"b'RT @TheUndefeated: ""Let\'s normalize working mothers and all that they have to do to make it happen."" \xf0\x9f\x97\xa3\xef\xb8\x8f\xf0\x9f\x97\xa3\xef\xb8\x8f\xf0\x9f\x97\xa3\xef\xb8\x8f \n\n@sportsiren\'s report on Arizo\xe2\x80\xa6'",1378858537800105984,2021-04-04 23:54:28,True,0,304
"b'RT @TheUndefeated: ""Let\'s normalize working mothers and all that they have to do to make it happen."" \xf0\x9f\x97\xa3\xef\xb8\x8f\xf0\x9f\x97\xa3\xef\xb8\x8f\xf0\x9f\x97\xa3\xef\xb8\x8f \n\n@sportsiren\'s report on Arizo\xe2\x80\xa6'",1378858537514893322,2021-04-04 23:54:27,True,0,304
"b'RT @TheUndefeated: ""Let\'s normalize working mothers and all that they have to do to make it happen."" \xf0\x9f\x97\xa3\xef\xb8\x8f\xf0\x9f\x97\xa3\xef\xb8\x8f\xf0\x9f\x97\xa3\xef\xb8\x8f \n\n@sportsiren\'s report on Arizo\xe2\x80\xa6'",1378858513208762370,2021-04-04 23:54:22,True,0,304
"b'RT @TheUndefeated: ""Let\'s normalize working mothers and all that they have to do to make it happen."" \xf0\x9f\x97\xa3\xef\xb8\x8f\xf0\x9f\x97\xa3\xef\xb8\x8f\xf0\x9f\x97\xa3\xef\xb8\x8f \n\n@sportsiren\'s report on Arizo\xe2\x80\xa6'",1378858462281621504,2021-04-04 23:54:10,True,0,304
"b'RT @TheUndefeated: ""Let\'s normalize working mothers and all that they have to do to make it happen."" \xf0\x9f\x97\xa3\xef\xb8\x8f\xf0\x9f\x97\xa3\xef\xb8\x8f\xf0\x9f\x97\xa3\xef\xb8\x8f \n\n@sportsiren\'s report on Arizo\xe2\x80\xa6'",1378858429368909825,2021-04-04 23:54:02,True,0,304
"b'RT @TheUndefeated: ""Let\'s normalize working mothers and all that they have to do to make it happen."" \xf0\x9f\x97\xa3\xef\xb8\x8f\xf0\x9f\x97\xa3\xef\xb8\x8f\xf0\x9f\x97\xa3\xef\xb8\x8f \n\n@sportsiren\'s report on Arizo\xe2\x80\xa6'",1378858361408655363,2021-04-04 23:53:45,True,0,304
"b'RT @TheUndefeated: ""Let\'s normalize working mothers and all that they have to do to make it happen."" \xf0\x9f\x97\xa3\xef\xb8\x8f\xf0\x9f\x97\xa3\xef\xb8\x8f\xf0\x9f\x97\xa3\xef\xb8\x8f \n\n@sportsiren\'s report on Arizo\xe2\x80\xa6'",1378858278168502278,2021-04-04 23:53:26,True,0,304
b'RT @SeifertESPN: \xe2\x80\x9cLet\xe2\x80\x99s normalize working mothers and all that they have to do to make it happen.\xe2\x80\x9d Tremendous report from @sportsiren on Ar\xe2\x80\xa6',1378858228201615366,2021-04-04 23:53:14,True,0,35
"b'RT @TheUndefeated: ""Let\'s normalize working mothers and all that they have to do to make it happen."" \xf0\x9f\x97\xa3\xef\xb8\x8f\xf0\x9f\x97\xa3\xef\xb8\x8f\xf0\x9f\x97\xa3\xef\xb8\x8f \n\n@sportsiren\'s report on Arizo\xe2\x80\xa6'",1378858208236867588,2021-04-04 23:53:09,True,0,304
"b'RT @TheUndefeated: ""Let\'s normalize working mothers and all that they have to do to make it happen."" \xf0\x9f\x97\xa3\xef\xb8\x8f\xf0\x9f\x97\xa3\xef\xb8\x8f\xf0\x9f\x97\xa3\xef\xb8\x8f \n\n@sportsiren\'s report on Arizo\xe2\x80\xa6'",1378858176263643137,2021-04-04 23:53:01,True,0,304
"b'RT @TheUndefeated: ""Let\'s normalize working mothers and all that they have to do to make it happen."" \xf0\x9f\x97\xa3\xef\xb8\x8f\xf0\x9f\x97\xa3\xef\xb8\x8f\xf0\x9f\x97\xa3\xef\xb8\x8f \n\n@sportsiren\'s report on Arizo\xe2\x80\xa6'",1378858113172918279,2021-04-04 23:52:46,True,0,304
"b'RT @TheUndefeated: ""Let\'s normalize working mothers and all that they have to do to make it happen."" \xf0\x9f\x97\xa3\xef\xb8\x8f\xf0\x9f\x97\xa3\xef\xb8\x8f\xf0\x9f\x97\xa3\xef\xb8\x8f \n\n@sportsiren\'s report on Arizo\xe2\x80\xa6'",1378858098144604161,2021-04-04 23:52:43,True,0,304
"b'RT @TheUndefeated: ""Let\'s normalize working mothers and all that they have to do to make it happen."" \xf0\x9f\x97\xa3\xef\xb8\x8f\xf0\x9f\x97\xa3\xef\xb8\x8f\xf0\x9f\x97\xa3\xef\xb8\x8f \n\n@sportsiren\'s report on Arizo\xe2\x80\xa6'",1378858057996890113,2021-04-04 23:52:33,True,0,304
"b'RT @TheUndefeated: ""Let\'s normalize working mothers and all that they have to do to make it happen."" \xf0\x9f\x97\xa3\xef\xb8\x8f\xf0\x9f\x97\xa3\xef\xb8\x8f\xf0\x9f\x97\xa3\xef\xb8\x8f \n\n@sportsiren\'s report on Arizo\xe2\x80\xa6'",1378857941890166784,2021-04-04 23:52:05,True,0,304
"b'RT @TheUndefeated: ""Let\'s normalize working mothers and all that they have to do to make it happen."" \xf0\x9f\x97\xa3\xef\xb8\x8f\xf0\x9f\x97\xa3\xef\xb8\x8f\xf0\x9f\x97\xa3\xef\xb8\x8f \n\n@sportsiren\'s report on Arizo\xe2\x80\xa6'",1378857883660615681,2021-04-04 23:51:52,True,0,304
"b'RT @TheUndefeated: ""Let\'s normalize working mothers and all that they have to do to make it happen."" \xf0\x9f\x97\xa3\xef\xb8\x8f\xf0\x9f\x97\xa3\xef\xb8\x8f\xf0\x9f\x97\xa3\xef\xb8\x8f \n\n@sportsiren\'s report on Arizo\xe2\x80\xa6'",1378857845035126788,2021-04-04 23:51:42,True,0,304
"b'RT @TheUndefeated: ""Let\'s normalize working mothers and all that they have to do to make it happen."" \xf0\x9f\x97\xa3\xef\xb8\x8f\xf0\x9f\x97\xa3\xef\xb8\x8f\xf0\x9f\x97\xa3\xef\xb8\x8f \n\n@sportsiren\'s report on Arizo\xe2\x80\xa6'",1378857824994783234,2021-04-04 23:51:38,True,0,304
"b'RT @TheUndefeated: ""Let\'s normalize working mothers and all that they have to do to make it happen."" \xf0\x9f\x97\xa3\xef\xb8\x8f\xf0\x9f\x97\xa3\xef\xb8\x8f\xf0\x9f\x97\xa3\xef\xb8\x8f \n\n@sportsiren\'s report on Arizo\xe2\x80\xa6'",1378857761451216902,2021-04-04 23:51:22,True,0,304
"b'RT @TheUndefeated: ""Let\'s normalize working mothers and all that they have to do to make it happen."" \xf0\x9f\x97\xa3\xef\xb8\x8f\xf0\x9f\x97\xa3\xef\xb8\x8f\xf0\x9f\x97\xa3\xef\xb8\x8f \n\n@sportsiren\'s report on Arizo\xe2\x80\xa6'",1378857745416388609,2021-04-04 23:51:19,True,0,304
"b'RT @TheUndefeated: ""Let\'s normalize working mothers and all that they have to do to make it happen."" \xf0\x9f\x97\xa3\xef\xb8\x8f\xf0\x9f\x97\xa3\xef\xb8\x8f\xf0\x9f\x97\xa3\xef\xb8\x8f \n\n@sportsiren\'s report on Arizo\xe2\x80\xa6'",1378857726986518534,2021-04-04 23:51:14,True,0,304
"b'The University of Arizona head coach, Adia Barnes, was just late coming back from halftime because she was pumping\xe2\x80\xa6 https://t.co/cQrZQhDrWP'",1378857702064001027,2021-04-04 23:51:08,False,1,0
"b'RT @TheUndefeated: ""Let\'s normalize working mothers and all that they have to do to make it happen."" \xf0\x9f\x97\xa3\xef\xb8\x8f\xf0\x9f\x97\xa3\xef\xb8\x8f\xf0\x9f\x97\xa3\xef\xb8\x8f \n\n@sportsiren\'s report on Arizo\xe2\x80\xa6'",1378857695684534276,2021-04-04 23:51:07,True,0,304
"b'RT @TheUndefeated: ""Let\'s normalize working mothers and all that they have to do to make it happen."" \xf0\x9f\x97\xa3\xef\xb8\x8f\xf0\x9f\x97\xa3\xef\xb8\x8f\xf0\x9f\x97\xa3\xef\xb8\x8f \n\n@sportsiren\'s report on Arizo\xe2\x80\xa6'",1378857655125544960,2021-04-04 23:50:57,True,0,304
b'RT @SeifertESPN: \xe2\x80\x9cLet\xe2\x80\x99s normalize working mothers and all that they have to do to make it happen.\xe2\x80\x9d Tremendous report from @sportsiren on Ar\xe2\x80\xa6',1378857650071347201,2021-04-04 23:50:56,True,0,35
"b'RT @TheUndefeated: ""Let\'s normalize working mothers and all that they have to do to make it happen."" \xf0\x9f\x97\xa3\xef\xb8\x8f\xf0\x9f\x97\xa3\xef\xb8\x8f\xf0\x9f\x97\xa3\xef\xb8\x8f \n\n@sportsiren\'s report on Arizo\xe2\x80\xa6'",1378857606257721345,2021-04-04 23:50:45,True,0,304
"b'RT @TheUndefeated: ""Let\'s normalize working mothers and all that they have to do to make it happen."" \xf0\x9f\x97\xa3\xef\xb8\x8f\xf0\x9f\x97\xa3\xef\xb8\x8f\xf0\x9f\x97\xa3\xef\xb8\x8f \n\n@sportsiren\'s report on Arizo\xe2\x80\xa6'",1378857600154968067,2021-04-04 23:50:44,True,0,304
"b'""Let\'s normalize working mothers and all that they have to do to make it happen."" \xf0\x9f\x97\xa3\xef\xb8\x8f\xf0\x9f\x97\xa3\xef\xb8\x8f\xf0\x9f\x97\xa3\xef\xb8\x8f \n\n@sportsiren\'s report on\xe2\x80\xa6 https://t.co/x9kbMHtPPO'",1378857455283802115,2021-04-04 23:50:09,False,1194,304
b'RT @EMILYveMeAlone: The way Arizona\xe2\x80\x99s coach Adia Barnes was literally pumping breast milk during halftime for her 6 month old https://t.co/\xe2\x80\xa6',1378857276346355715,2021-04-04 23:49:27,True,0,6
b'RT @SeifertESPN: \xe2\x80\x9cLet\xe2\x80\x99s normalize working mothers and all that they have to do to make it happen.\xe2\x80\x9d Tremendous report from @sportsiren on Ar\xe2\x80\xa6',1378857211615715329,2021-04-04 23:49:11,True,0,35
b'RT @SeifertESPN: \xe2\x80\x9cLet\xe2\x80\x99s normalize working mothers and all that they have to do to make it happen.\xe2\x80\x9d Tremendous report from @sportsiren on Ar\xe2\x80\xa6',1378855872768569345,2021-04-04 23:43:52,True,0,35
b'RT @SeifertESPN: \xe2\x80\x9cLet\xe2\x80\x99s normalize working mothers and all that they have to do to make it happen.\xe2\x80\x9d Tremendous report from @sportsiren on Ar\xe2\x80\xa6',1378855034205712386,2021-04-04 23:40:32,True,0,35
b'RT @SeifertESPN: \xe2\x80\x9cLet\xe2\x80\x99s normalize working mothers and all that they have to do to make it happen.\xe2\x80\x9d Tremendous report from @sportsiren on Ar\xe2\x80\xa6',1378855004572942339,2021-04-04 23:40:25,True,0,35
b'RT @EMILYveMeAlone: The way Arizona\xe2\x80\x99s coach Adia Barnes was literally pumping breast milk during halftime for her 6 month old https://t.co/\xe2\x80\xa6',1378854220296646656,2021-04-04 23:37:18,True,0,6
b'RT @SeifertESPN: \xe2\x80\x9cLet\xe2\x80\x99s normalize working mothers and all that they have to do to make it happen.\xe2\x80\x9d Tremendous report from @sportsiren on Ar\xe2\x80\xa6',1378854092085297155,2021-04-04 23:36:48,True,0,35
b'RT @SeifertESPN: \xe2\x80\x9cLet\xe2\x80\x99s normalize working mothers and all that they have to do to make it happen.\xe2\x80\x9d Tremendous report from @sportsiren on Ar\xe2\x80\xa6',1378854051086008325,2021-04-04 23:36:38,True,0,35
b'RT @SeifertESPN: \xe2\x80\x9cLet\xe2\x80\x99s normalize working mothers and all that they have to do to make it happen.\xe2\x80\x9d Tremendous report from @sportsiren on Ar\xe2\x80\xa6',1378854035235557379,2021-04-04 23:36:34,True,0,35
"b'On the Arizona coach, Adia Barnes, mother of a 6 month old pumping at halftime...\n\xe2\x80\x9c... for those who think this is\xe2\x80\xa6 https://t.co/VYdqkooW2K'",1378854022921207811,2021-04-04 23:36:31,False,1,0
b'RT @EMILYveMeAlone: The way Arizona\xe2\x80\x99s coach Adia Barnes was literally pumping breast milk during halftime for her 6 month old https://t.co/\xe2\x80\xa6',1378853988968370178,2021-04-04 23:36:23,True,0,6
b'RT @SeifertESPN: \xe2\x80\x9cLet\xe2\x80\x99s normalize working mothers and all that they have to do to make it happen.\xe2\x80\x9d Tremendous report from @sportsiren on Ar\xe2\x80\xa6',1378853976343478277,2021-04-04 23:36:20,True,0,35
b'RT @SeifertESPN: \xe2\x80\x9cLet\xe2\x80\x99s normalize working mothers and all that they have to do to make it happen.\xe2\x80\x9d Tremendous report from @sportsiren on Ar\xe2\x80\xa6',1378853759611252746,2021-04-04 23:35:28,True,0,35
b'RT @SeifertESPN: \xe2\x80\x9cLet\xe2\x80\x99s normalize working mothers and all that they have to do to make it happen.\xe2\x80\x9d Tremendous report from @sportsiren on Ar\xe2\x80\xa6',1378853741445574658,2021-04-04 23:35:24,True,0,35
b'RT @SeifertESPN: \xe2\x80\x9cLet\xe2\x80\x99s normalize working mothers and all that they have to do to make it happen.\xe2\x80\x9d Tremendous report from @sportsiren on Ar\xe2\x80\xa6',1378853667072266241,2021-04-04 23:35:06,True,0,35
b'Loved that Arizona coach Adia Barnes was a little behind the team coming out of the locker room at halftime of the\xe2\x80\xa6 https://t.co/p5AfkHlN0i',1378853654162153473,2021-04-04 23:35:03,False,0,0
b'RT @SeifertESPN: \xe2\x80\x9cLet\xe2\x80\x99s normalize working mothers and all that they have to do to make it happen.\xe2\x80\x9d Tremendous report from @sportsiren on Ar\xe2\x80\xa6',1378853442035257347,2021-04-04 23:34:13,True,0,35
b'RT @SeifertESPN: \xe2\x80\x9cLet\xe2\x80\x99s normalize working mothers and all that they have to do to make it happen.\xe2\x80\x9d Tremendous report from @sportsiren on Ar\xe2\x80\xa6',1378853288473460738,2021-04-04 23:33:36,True,0,35
b'RT @SeifertESPN: \xe2\x80\x9cLet\xe2\x80\x99s normalize working mothers and all that they have to do to make it happen.\xe2\x80\x9d Tremendous report from @sportsiren on Ar\xe2\x80\xa6',1378853224115998721,2021-04-04 23:33:21,True,0,35
b'RT @SeifertESPN: \xe2\x80\x9cLet\xe2\x80\x99s normalize working mothers and all that they have to do to make it happen.\xe2\x80\x9d Tremendous report from @sportsiren on Ar\xe2\x80\xa6',1378853094130393091,2021-04-04 23:32:50,True,0,35
b'RT @EMILYveMeAlone: The way Arizona\xe2\x80\x99s coach Adia Barnes was literally pumping breast milk during halftime for her 6 month old https://t.co/\xe2\x80\xa6',1378853011485786114,2021-04-04 23:32:30,True,0,6
b'\xe2\x80\x9cLet\xe2\x80\x99s normalize working mothers and all that they have to do to make it happen.\xe2\x80\x9d Tremendous report from\xe2\x80\xa6 https://t.co/uEjxryomvr',1378852974911438851,2021-04-04 23:32:21,False,176,35
b'Arizona coach Adia Barnes pumping at halftime of the national championship because she has a 6-month-old. #workingmothers',1378852880640139265,2021-04-04 23:31:59,False,0,0
b'RT @EMILYveMeAlone: The way Arizona\xe2\x80\x99s coach Adia Barnes was literally pumping breast milk during halftime for her 6 month old https://t.co/\xe2\x80\xa6',1378852524896235521,2021-04-04 23:30:34,True,0,6
b'RT @EMILYveMeAlone: The way Arizona\xe2\x80\x99s coach Adia Barnes was literally pumping breast milk during halftime for her 6 month old https://t.co/\xe2\x80\xa6',1378852295060901890,2021-04-04 23:29:39,True,0,6
b'The way Arizona\xe2\x80\x99s coach Adia Barnes was literally pumping breast milk during halftime for her 6 month old https://t.co/979P36pmD4',1378852226035224579,2021-04-04 23:29:23,False,47,6
